2021-04-18T07:27:31.030Z,51.561,-178.2548,23.3,3.1,ml,,,,0.46,ak,ak0214yqdd7g,2021-04-18T18:11:15.244Z,"117 km WSW of Adak, Alaska",earthquake,,1.1,,,reviewed,ak,ak
2021-04-18T07:48:03.085Z,-19.396,169.4586,104.51,4.7,mb,,112,3.711,0.55,us,us6000e2kh,2021-04-18T08:07:14.040Z,"24 km NE of Isangel, Vanuatu",earthquake,8.1,8.3,0.046,141,reviewed,us,us
2021-04-18T08:16:52.158Z,50.8292,142.6018,10,4.2,mb,,107,3.875,0.27,us,us6000e2kw,2021-04-18T08:39:47.040Z,"4 km WSW of Tymovskoye, Russia",earthquake,11.4,1.9,0.07,56,reviewed,us,us
2021-04-18T08:50:38.643Z,29.8928,50.5913,10,4.4,mb,,85,6.636,0.42,us,us6000e2l2,2021-04-18T09:26:21.040Z,"35 km NNE of Bandar-e Genāveh, Iran",earthquake,7.9,1.9,0.099,29,reviewed,us,us
2021-04-18T10:17:07.595Z,56.2392,-149.7016,10,3.1,ml,,222,2.208,0.64,us,us6000e2lk,2021-04-18T12:08:30.040Z,"219 km SE of Chiniak, Alaska",earthquake,10.3,2,0.059,38,reviewed,us,us
2021-04-18T11:02:37.451Z,58.2024,-137.7775,13.4,3.2,ml,,,,0.67,ak,ak0214yslrak,2021-04-18T11:08:14.040Z,"84 km W of Elfin Cove, Alaska",earthquake,,0.8,,,automatic,ak,ak
2021-04-18T11:07:31.115Z,58.217,-137.9451,3.1,3.2,ml,,,,0.83,ak,ak0214ysmteb,2021-04-18T12:15:58.040Z,"94 km W of Elfin Cove, Alaska",earthquake,,0.4,,,automatic,ak,ak
2021-04-18T11:08:07.105Z,61.9638,-149.8386,7.9,2.5,ml,,,,0.89,ak,ak0214ysmz81,2021-04-18T12:18:08.040Z,"22 km S of Susitna North, Alaska",earthquake,,0.3,,,automatic,ak,ak
2021-04-18T11:12:51.058Z,1.6891,126.4052,49.92,4.7,mb,,101,1.324,0.91,us,us6000e2ly,2021-04-18T11:42:06.040Z,"147 km NW of Ternate, Indonesia",earthquake,7.8,7.2,0.062,79,reviewed,us,us
2021-04-18T12:20:31.350Z,19.3058333333333,-155.213,7.49,2.49,ml,53,101,,0.12,hv,hv72431367,2021-04-21T05:00:27.040Z,"15 km S of Volcano, Hawaii",earthquake,0.25,0.36,0.178075552688935,26,reviewed,hv,hv
2021-04-18T12:58:38.852Z,58.2653,-137.8082,3.9,3.3,ml,,,,0.96,ak,ak0214ytj74a,2021-04-21T05:02:41.040Z,"86 km W of Elfin Cove, Alaska",earthquake,,0.4,,,automatic,ak,ak
2021-04-18T13:17:27.310Z,19.4748333333333,-155.652166666667,3.83,2.51,ml,37,105,,0.13,hv,hv72431407,2021-04-18T20:50:06.040Z,"22 km E of Honaunau-Napoopoo, Hawaii",earthquake,0.3,0.41,0.231355661427375,23,reviewed,hv,hv
2021-04-18T13:24:33.203Z,22.5171,94.192,27.73,5.1,mww,,38,3.274,0.8,us,us6000e2mn,2021-04-19T16:35:40.985Z,"61 km ESE of Hakha, Myanmar",earthquake,7.2,3.8,0.08,15,reviewed,us,us
2021-04-18T14:11:38.372Z,23.7923,121.5585,10,5.4,mww,,47,0.381,0.77,us,us6000e2mt,2021-04-19T14:17:22.141Z,"20 km SSW of Hualien City, Taiwan",earthquake,4.2,1.8,0.098,10,reviewed,us,us
2021-04-18T14:14:36.744Z,23.8717,121.5344,10,5.8,mww,,36,0.305,0.7,us,us6000e2mv,2021-04-20T19:26:53.749Z,"13 km SSW of Hualien City, Taiwan",earthquake,4.2,1.8,0.054,33,reviewed,us,us
2021-04-18T14:17:42.411Z,-22.7628,-66.4729,282.38,4.6,mb,,43,1.584,0.56,us,us6000e2mu,2021-04-18T20:08:41.606Z,"79 km W of Abra Pampa, Argentina",earthquake,9.3,6.7,0.116,22,reviewed,us,us
2021-04-18T15:17:18.632Z,61.8421,-26.695,10,4.9,mb,,58,3.791,0.72,us,us6000e2n5,2021-04-18T15:56:50.040Z,"Iceland region",earthquake,8,1.9,0.032,302,reviewed,us,us
2021-04-18T16:15:55.007Z,-22.1754,-179.5691,574.84,4.5,mb,,93,4.942,0.61,us,us6000e2ni,2021-04-18T18:06:56.040Z,"south of the Fiji Islands",earthquake,11,8.1,0.04,178,reviewed,us,us
2021-04-18T16:26:26.444Z,36.3834,27.1623,10,4.3,mb,,57,0.792,0.64,us,us6000e2nl,2021-04-18T17:43:28.560Z,"25 km S of Mandráki, Greece",earthquake,3.7,1.9,0.113,22,reviewed,us,us
2021-04-18T17:03:40.075Z,-30.3851,-177.0707,10,5.2,mww,,58,8.121,1.38,us,us6000e2nw,2021-04-19T18:04:43.040Z,"Kermadec Islands, New Zealand",earthquake,10.2,1.8,0.066,22,reviewed,us,us
2021-04-18T17:17:20.282Z,69.5785,-144.784,0.3,2.5,ml,,,,0.93,ak,ak0214yw9jct,2021-04-18T17:30:28.311Z,"76 km SW of Kaktovik, Alaska",earthquake,,1,,,automatic,ak,ak
2021-04-18T18:14:51.341Z,68.7446,-147.4912,0,2.9,ml,,,,0.86,ak,ak0214ywue7q,2021-04-18T19:45:00.040Z,"105 km NW of Arctic Village, Alaska",earthquake,,0.4,,,automatic,ak,ak
2021-04-18T18:26:47.870Z,-5.4163,129.1145,267.58,4.6,mb,,75,3.347,0.52,us,us6000e2pb,2021-04-18T19:27:38.040Z,"216 km SSE of Ambon, Indonesia",earthquake,7.6,8,0.126,19,reviewed,us,us
2021-04-18T19:04:37.079Z,1.8255,127.5359,141.48,4.4,mb,,142,1.06,0.65,us,us6000e2pm,2021-04-18T19:33:52.040Z,"53 km WNW of Tobelo, Indonesia",earthquake,10.4,7.8,0.144,14,reviewed,us,us
2021-04-18T20:02:06.670Z,17.9291,-66.8385,10,2.45,md,15,220,0.2096,0.15,pr,pr2021108004,2021-04-18T20:27:29.339Z,"7 km SSW of Indios, Puerto Rico",earthquake,0.51,0.65,0.17,7,reviewed,pr,pr
2021-04-18T20:18:39.214Z,-7.1506,129.4187,143.98,4.8,mb,,80,2.039,1.09,us,us6000e2q2,2021-04-18T20:32:51.040Z,"Kepulauan Babar, Indonesia",earthquake,4.4,9.9,0.113,24,reviewed,us,us
2021-04-18T20:31:30.690Z,35.14416667,-95.28783333,6.54,2.48,ml,53,118,0.159268746,0.22,ok,ok2021hpbl,2021-04-19T16:32:28.069Z,"5 km WNW of Kinta, Oklahoma",earthquake,,0.5,0.09,8,reviewed,ok,ok
2021-04-18T20:40:48.573Z,58.3967,-137.7789,0,2.5,ml,,,,1.07,ak,ak0214yy6ttc,2021-04-18T21:05:02.581Z,"87 km WNW of Elfin Cove, Alaska",earthquake,,0.4,,,automatic,ak,ak
2021-04-18T20:54:48.061Z,32.86468506,-101.0045494,3.399210612,3.1,ml,32,37,0.07857102517,0.2,tx,tx2021hpcf,2021-04-19T20:47:07.916Z,"18 km NNW of Snyder, Texas",earthquake,0.9789793522,1.439736302,0.1,13,reviewed,tx,tx
2021-04-18T21:50:20.483Z,29.8713,50.5513,10,4.3,mb,,159,6.633,0.61,us,us6000e2qq,2021-04-19T21:12:16.040Z,"32 km N of Bandar-e Genāveh, Iran",earthquake,7.1,1.9,0.109,24,reviewed,us,us
2021-04-18T22:08:16.037Z,-25.4751,-176.8747,112.34,4.8,mb,,48,9.022,0.49,us,us6000e2qy,2021-04-19T21:59:33.040Z,"south of the Fiji Islands",earthquake,12.3,7,0.05,121,reviewed,us,us
2021-04-18T22:17:46.280Z,29.7305,50.6423,10,4.7,mb,,74,6.793,0.78,us,us6000e2qz,2021-04-19T22:26:52.547Z,"20 km NE of Bandar-e Genāveh, Iran",earthquake,7.9,1.9,0.07,62,reviewed,us,us
2021-04-18T22:41:46.004Z,29.8052,50.5541,10,4.3,mb,,80,6.687,0.85,us,us6000e2r4,2021-04-19T22:45:51.040Z,"25 km N of Bandar-e Genāveh, Iran",earthquake,9,1.9,0.093,33,reviewed,us,us
2021-04-18T22:43:50.879Z,29.7762,50.4551,10,4.4,mb,,74,6.66,0.6,us,us6000e2r2,2021-04-19T22:56:35.040Z,"22 km NNW of Bandar-e Genāveh, Iran",earthquake,9.4,1.9,0.07,59,reviewed,us,us
2021-04-18T22:47:28.578Z,16.2279,-93.8741,136.14,4.5,mb,,142,1.669,1.12,us,us6000e2r6,2021-04-19T23:24:54.040Z,"2 km ESE of Arriaga, Mexico",earthquake,9.2,9.6,0.056,92,reviewed,us,us
2021-04-18T23:46:14.620Z,40.4441667,-124.7116667,24.32,2.65,md,19,239,0.2872,0.13,nc,nc73551165,2021-04-19T21:05:51.040Z,"38km WNW of Petrolia, CA",earthquake,0.74,2.52,0.275,16,reviewed,nc,nc
2021-04-19T00:27:32.631Z,-17.757,-70.554,28,4.5,mwr,,77,0.642,0.65,us,us6000e2rk,2021-04-19T23:47:51.497Z,"6 km WNW of Sama Grande, Peru",earthquake,5.6,3.7,0.062,25,reviewed,us,us
2021-04-19T02:21:39.550Z,38.8278351,-122.8034973,1.37,2.73,md,51,32,0.006786,0.06,nc,nc73551205,2021-04-20T00:49:54.859Z,"7km NW of The Geysers, CA",earthquake,0.13,0.24,0.18,43,automatic,nc,nc
2021-04-19T03:06:55.616Z,63.185,-150.751,128.3,2.5,ml,,,,0.47,ak,ak02150bej8a,2021-04-19T04:14:10.040Z,"62 km SE of Denali National Park, Alaska",earthquake,,0.5,,,automatic,ak,ak
2021-04-19T03:18:57.125Z,-33.9723,-72.4361,10.85,5.2,mww,,79,0.991,0.85,us,us6000e2s5,2021-04-20T17:37:02.040Z,"87 km WSW of San Antonio, Chile",earthquake,3.4,3.6,0.08,15,reviewed,us,us
2021-04-19T04:06:21.792Z,38.0835,141.5284,55.08,4.9,mb,,112,2.726,1.28,us,us6000e2sm,2021-04-19T04:50:43.074Z,"42 km SSE of Ishinomaki, Japan",earthquake,8.3,4.2,0.028,398,reviewed,us,us
2021-04-19T04:10:05.802Z,1.5594,-85.2679,10,5.3,mww,,94,5.486,1.02,us,us6000e2t0,2021-04-21T21:00:51.040Z,"off the coast of Ecuador",earthquake,8.7,1.9,0.041,56,reviewed,us,us
2021-04-19T04:11:26.625Z,-33.9739,-72.4144,11.17,5.2,mww,,79,0.973,0.62,us,us6000e2sp,2021-04-20T16:38:19.040Z,"85 km WSW of San Antonio, Chile",earthquake,3.6,3.6,0.066,22,reviewed,us,us
2021-04-19T05:59:49.700Z,40.312,-124.6196667,19.66,2.47,md,34,231,0.2132,0.19,nc,nc73551340,2021-04-23T09:56:01.040Z,"28km W of Petrolia, CA",earthquake,0.65,0.36,0.307,30,reviewed,nc,nc
2021-04-19T06:31:37.101Z,44.3432,147.3379,116.5,4.3,mb,,132,3.417,0.58,us,us6000e2td,2021-04-19T08:43:53.040Z,"78 km NE of Shikotan, Russia",earthquake,7.4,5,0.059,85,reviewed,us,us
2021-04-19T07:07:37.952Z,-7.7584,127.7593,89.09,5.2,mww,,42,3.513,1.11,us,us6000e2tm,2021-04-20T16:38:23.040Z,"118 km NE of Lospalos, Timor Leste",earthquake,7.3,4.7,0.089,12,reviewed,us,us
2021-04-19T07:35:02.294Z,0.7334,126.3061,40.48,4.8,mb,,57,1.061,0.45,us,us6000e2tr,2021-04-19T08:09:18.040Z,"120 km W of Ternate, Indonesia",earthquake,3.5,7.2,0.056,99,reviewed,us,us
2021-04-19T08:06:45.529Z,52.6869,-174.7402,221.2,3.8,mb,,128,0.588,0.55,us,us6000e2tw,2021-04-23T13:06:23.040Z,"65 km NW of Atka, Alaska",earthquake,10.7,11.6,0.104,24,reviewed,us,us
2021-04-19T08:27:57.188Z,-15.8689,-69.7422,243.55,4.5,mb,,136,1.604,0.85,us,us6000e2u1,2021-04-19T09:48:37.040Z,"Peru-Bolivia border region",earthquake,10.1,4.8,0.131,18,reviewed,us,us
2021-04-19T09:59:39.113Z,31.67232759,-104.3825011,7.391259766,2.9,ml,29,58,0.1008953731,0.3,tx,tx2021hqcc,2021-04-19T21:29:42.208Z,"western Texas",earthquake,1.296926292,1.793828025,0.1,15,reviewed,tx,tx
2021-04-19T10:22:32.017Z,43.7032,146.4519,73.44,4.3,mb,,194,2.819,0.5,us,us6000e2up,2021-04-19T11:14:58.040Z,"24 km WSW of Shikotan, Russia",earthquake,11.7,10.8,0.073,54,reviewed,us,us
2021-04-19T11:00:49.400Z,17.937,-66.9143,13,2.93,md,21,198,0.1339,0.15,pr,pr2021109000,2021-04-19T12:12:59.436Z,"3 km S of Guánica, Puerto Rico",earthquake,0.59,0.36,0.31,11,reviewed,pr,pr
2021-04-19T11:13:28.570Z,-33.9703,-72.3057,10,5.2,mww,,62,0.883,0.69,us,us6000e2uw,2021-04-21T20:41:00.783Z,"Off the coast of Valparaiso, Chile",earthquake,4.4,1.7,0.08,15,reviewed,us,us
2021-04-19T11:34:46.948Z,-21.2517,-68.8224,121.9,4.4,mb,,46,0.654,0.64,us,us6000e2v2,2021-04-19T12:04:12.040Z,"133 km N of Calama, Chile",earthquake,4.1,8.3,0.179,9,reviewed,us,us
2021-04-19T11:35:55.649Z,-1.0425,146.8171,10,4.9,mb,,53,1.135,1.06,us,us6000e2v5,2021-04-19T11:54:52.040Z,"120 km NNW of Lorengau, Papua New Guinea",earthquake,8.4,1.9,0.047,142,reviewed,us,us
2021-04-19T12:00:49.294Z,56.2045,-156.6107,35,2.5,ml,,,,0.41,ak,ak02150gq4w1,2021-04-19T12:04:30.233Z,"111 km E of Chignik, Alaska",earthquake,,2.7,,,automatic,ak,ak
2021-04-19T12:51:51.638Z,-23.6113,179.3629,534.5,4.9,mb,,89,5.964,1.35,us,us6000e2vg,2021-04-19T13:04:56.040Z,"south of the Fiji Islands",earthquake,13.4,9.4,0.102,30,reviewed,us,us
2021-04-19T13:05:26.815Z,-33.9681,-72.3641,10,5,mww,,124,0.931,0.5,us,us6000e2vk,2021-04-20T16:47:20.504Z,"81 km WSW of San Antonio, Chile",earthquake,4.1,1.7,0.093,11,reviewed,us,us
2021-04-19T13:47:22.411Z,-33.9766,-72.3625,10,4.1,mb,,177,0.931,0.61,us,us6000e2vt,2021-04-19T15:37:03.917Z,"81 km WSW of San Antonio, Chile",earthquake,2,1.9,0.303,6,reviewed,us,us
2021-04-19T14:31:52.990Z,44.3056,-115.1901,10,2.5,ml,,65,0.184,0.62,us,us6000e2w9,2021-04-19T16:09:46.040Z,"22 km WNW of Stanley, Idaho",earthquake,2,2,0.056,42,reviewed,us,us
2021-04-19T15:02:08.737Z,-33.9385,-72.3485,10,4.4,mb,,152,0.915,0.39,us,us6000e2wf,2021-04-19T22:49:04.183Z,"78 km WSW of San Antonio, Chile",earthquake,2.9,1.9,0.179,12,reviewed,us,us
2021-04-19T17:34:39.926Z,58.001,-138.1042,4.5,2.6,ml,,,,0.94,ak,ak02150jwklu,2021-04-19T19:19:32.040Z,"106 km WSW of Elfin Cove, Alaska",earthquake,,0.5,,,automatic,ak,ak
2021-04-19T18:10:18.205Z,37.7731,141.6052,65.71,4.3,mb,,150,2.978,0.59,us,us6000e2xw,2021-04-19T19:30:05.040Z,"62 km ENE of Namie, Japan",earthquake,10.7,9.4,0.092,34,reviewed,us,us
2021-04-19T18:32:37.467Z,54.2067,-159.768,17.3,3.5,ml,,,,0.6,ak,ak02150khksc,2021-04-20T00:23:05.335Z,"134 km SSE of Sand Point, Alaska",earthquake,,1.3,,,reviewed,ak,ak
2021-04-19T18:50:58.790Z,38.757,-122.7228333,2.88,3.98,mw,101,36,0.004853,0.07,nc,nc73551560,2021-04-24T20:27:28.451Z,"3km SW of Anderson Springs, CA",earthquake,0.09,0.14,,3,reviewed,nc,nc
2021-04-19T18:59:12.430Z,18.9521,-66.3995,32,2.94,md,18,264,0.4925,0.22,pr,pr2021109001,2021-04-19T19:17:33.736Z,"54 km N of Brenas, Puerto Rico",earthquake,0.86,3.48,0.11,14,reviewed,pr,pr
2021-04-19T19:01:56.950Z,49.915,-114.9563333,-2,2.62,ml,7,300,2.069,0.41,mb,mb80498139,2021-04-19T21:42:05.020Z,"15 km SSW of Elkford, Canada",quarry blast,19.56,31.61,0.184,4,reviewed,mb,mb
2021-04-19T19:27:05.287Z,61.8895,-149.9403,11.8,2.7,ml,,,,0.64,ak,ak02150l1v2v,2021-04-20T00:42:02.705Z,"Southern Alaska",earthquake,,0.2,,,reviewed,ak,ak
2021-04-19T20:06:03.121Z,61.3239,-150.0097,34.1,3.2,ml,,,,0.69,ak,ak02150lisf1,2021-04-20T20:31:39.342Z,"4 km SSW of Point MacKenzie, Alaska",earthquake,,0.3,,,automatic,ak,ak
2021-04-19T20:42:38.670Z,44.531,-115.2481667,11.79,3.91,ml,22,83,0.379,0.21,mb,mb80498119,2021-04-23T04:12:53.513Z,"42 km NW of Stanley, Idaho",earthquake,0.31,0.66,0.312,35,reviewed,mb,mb
2021-04-19T21:32:49.838Z,29.8713,50.6897,10,4.3,mb,,82,3.674,0.77,us,us6000e2zl,2021-04-19T21:59:11.040Z,"36 km NNE of Bandar-e Genāveh, Iran",earthquake,10,1.9,0.073,54,reviewed,us,us
2021-04-19T22:11:35.479Z,34.97366667,-97.69483333,11.4,3.47,ml,101,34,0,0.21,ok,ok2021hrag,2021-04-25T03:09:55.724Z,"8 km SW of Dibble, Oklahoma",earthquake,,0.7,0.21,35,reviewed,ok,ok
2021-04-19T22:57:11.938Z,47.7268,16.1854,12.4,3.9,mwr,,36,0.654,0.68,us,us6000e30a,2021-04-20T18:48:01.599Z,"Austria-Hungary border region",earthquake,4.5,1.8,0.055,32,reviewed,us,us
2021-04-19T23:34:49.480Z,18.8776,-67.2548,6,3.3,md,17,208,0.4345,0.27,pr,pr2021109002,2021-04-20T00:17:43.380Z,"45 km NNW of San Antonio, Puerto Rico",earthquake,0.73,1.13,0.08,14,reviewed,pr,pr
2021-04-19T23:49:42.302Z,6.8893,123.5983,613.79,4.8,mb,,45,1.974,1.04,us,us6000e30s,2021-04-20T04:27:05.040Z,"47 km WNW of Gadung, Philippines",earthquake,9.9,4.6,0.059,88,reviewed,us,us
2021-04-19T23:58:22.502Z,0.1784,96.5622,9,6.1,mww,,28,1.508,0.97,us,us6000e30x,2021-04-22T00:01:24.015Z,"255 km S of Sinabang, Indonesia",earthquake,7,1.7,0.039,64,reviewed,us,us
2021-04-20T00:43:50.704Z,-60.2464,-27.4531,99.09,4.9,mb,,83,7.722,1.04,us,us6000e31b,2021-04-20T00:59:51.040Z,"South Sandwich Islands region",earthquake,11.7,8.5,0.08,49,reviewed,us,us
2021-04-20T01:35:32.472Z,-6.2162,130.2289,109.51,4.7,mb,,70,2.051,0.74,us,us6000e31m,2021-04-21T01:51:27.040Z,"286 km WSW of Tual, Indonesia",earthquake,8.3,7.2,0.075,54,reviewed,us,us
2021-04-20T02:26:08.350Z,-41.4298,-83.6215,10,5.1,mww,,120,8.588,0.48,us,us6000e31y,2021-04-21T02:51:59.727Z,"West Chile Rise",earthquake,12.1,1.9,0.098,10,reviewed,us,us
2021-04-20T02:30:02.686Z,60.4461,-152.0047,86.1,2.5,ml,,,,0.51,ak,ak02151yhh8d,2021-04-21T02:09:08.040Z,"39 km WNW of Cohoe, Alaska",earthquake,,0.4,,,automatic,ak,ak
2021-04-20T02:39:04.860Z,39.5165,-122.017,23.07,3.82,mw,28,52,0.2565,0.18,nc,nc73551855,2021-04-22T11:59:47.774Z,"15km E of Willows, CA",earthquake,0.34,0.68,,6,reviewed,nc,nc
2021-04-20T04:25:20.820Z,39.5111667,-122.0193333,22.52,2.81,md,24,51,0.2576,0.17,nc,nc73551895,2021-04-21T01:34:48.251Z,"15km E of Willows, CA",earthquake,0.36,0.69,0.249,55,reviewed,nc,nc
2021-04-20T04:32:08.170Z,18.0118,-66.8306,16,3.47,md,23,157,0.2178,0.25,pr,pr2021110000,2021-04-21T04:33:39.410Z,"2 km NNW of Indios, Puerto Rico",earthquake,0.59,0.36,0.13,14,reviewed,pr,pr
2021-04-20T04:53:29.509Z,-12.5952,-76.717,46.92,4.9,mb,,73,0.616,0.73,us,us6000e33b,2021-04-23T01:17:07.157Z,"8 km SSE of Chilca, Peru",earthquake,5.6,5.4,0.034,279,reviewed,us,us
2021-04-20T04:58:54.580Z,17.9525,-66.9753,9,3.29,md,21,201,0.071,0.11,pr,pr2021110002,2021-04-21T04:21:32.040Z,"7 km WSW of Fuig, Puerto Rico",earthquake,0.43,0.71,0.34,13,reviewed,pr,pr
2021-04-20T05:07:51.620Z,37.5481667,-118.7781667,7.98,2.87,md,32,96,0.02939,0.06,nc,nc73551905,2021-04-23T02:24:07.168Z,"9km W of Toms Place, CA",earthquake,0.25,0.38,0.136,76,reviewed,nc,nc
2021-04-20T05:09:54.240Z,36.3453,27.1508,18.57,4.6,mb,,56,0.795,1.01,us,us6000e33i,2021-04-20T08:42:26.559Z,"29 km S of Mandráki, Greece",earthquake,5.6,4.7,0.083,44,reviewed,us,us
2021-04-20T05:46:15.810Z,17.9648,-66.9786,11,2.48,md,15,198,0.0658,0.19,pr,pr2021110004,2021-04-20T06:11:58.325Z,"7 km WSW of Fuig, Puerto Rico",earthquake,0.54,0.51,0.17,11,reviewed,pr,pr
2021-04-20T05:59:43.840Z,19.1935,-64.7906,58,3.59,md,16,331,1.4917,0.4,pr,pr2021110005,2021-04-20T06:18:27.428Z,"95 km N of Charlotte Amalie, U.S. Virgin Islands",earthquake,4.05,13.59,0.08,14,reviewed,pr,pr
2021-04-20T06:37:40.091Z,52.7912,178.3075,34.6,3,ml,,,,1.14,ak,ak021520wxqy,2021-04-20T07:47:16.167Z,"Rat Islands, Aleutian Islands, Alaska",earthquake,,472.7,,,reviewed,ak,ak
2021-04-20T07:03:37.550Z,34.045,-117.21,15.93,2.69,ml,150,15,0.07645,0.16,ci,ci39857008,2021-04-22T18:01:03.447Z,"3km WSW of Redlands, CA",earthquake,0.1,0.22,0.128,24,reviewed,ci,ci
2021-04-20T07:55:52.338Z,60.1738,-151.8996,56.2,2.7,ml,,,,0.62,ak,ak021521m3ys,2021-04-20T08:08:59.936Z,"18 km NW of Ninilchik, Alaska",earthquake,,0.5,,,automatic,ak,ak
2021-04-20T08:21:56.590Z,36.4447,25.47,10,4.2,mb,,83,1.246,0.81,us,us6000e35h,2021-04-23T05:14:20.040Z,"4 km NE of Firá, Greece",earthquake,5.3,1.9,0.2,8,reviewed,us,us
2021-04-20T08:38:26.570Z,38.4901667,-90.6028333,18.61,2.46,md,15,81,0.0369,0.23,nm,nm60126323,2021-04-24T13:28:24.095Z,"2 km ESE of Eureka, Missouri",earthquake,0.52,0.39,0.051,8,reviewed,nm,nm
2021-04-20T09:04:26.019Z,31.65180557,-104.555621,6.157275391,2.5,ml,25,79,0.04970083561,0.3,tx,tx2021hrvu,2021-04-20T15:23:03.830Z,"60 km SSW of Whites City, New Mexico",earthquake,2.488856164,1.016890068,0.2,15,reviewed,tx,tx
2021-04-20T09:48:34.270Z,40.188,-123.5988333,33.89,4.03,mw,49,40,0.08529,0.18,nc,nc73552000,2021-04-23T01:47:58.015Z,"20km ENE of Redway, CA",earthquake,0.26,0.6,,4,reviewed,nc,nc
2021-04-20T10:48:58.258Z,-24.9996,179.6698,523.34,4.4,mb,,79,7.374,0.68,us,us6000e364,2021-04-20T11:17:25.040Z,"south of the Fiji Islands",earthquake,8.3,9.3,0.057,89,reviewed,us,us
2021-04-20T12:22:20.780Z,17.9518,-66.999,8,3.56,md,21,217,0.0485,0.11,pr,pr2021110006,2021-04-21T12:24:11.939Z,"5 km ESE of La Parguera, Puerto Rico",earthquake,0.38,0.67,0.12,11,reviewed,pr,pr
2021-04-20T12:46:06.020Z,17.9506,-67.0036,9,3.17,md,15,221,0.0448,0.12,pr,pr2021110007,2021-04-21T08:32:52.040Z,"5 km ESE of La Parguera, Puerto Rico",earthquake,0.47,0.45,0.26,9,reviewed,pr,pr
2021-04-20T13:12:44.973Z,44.3145,-115.0639,10,2.7,ml,,64,0.125,0.45,us,us6000e36z,2021-04-21T13:25:27.706Z,"14 km NW of Stanley, Idaho",earthquake,1.6,2,0.048,56,reviewed,us,us
2021-04-20T13:39:50.621Z,19.0918,-154.2385,10,3.2,ml,,342,0.799,0.62,us,us6000e373,2021-04-21T13:38:15.040Z,"82 km ESE of Leilani Estates, Hawaii",earthquake,7.3,2,0.077,22,reviewed,us,us
2021-04-20T13:47:23.870Z,17.9435,-67.0035,8,2.75,md,17,227,0.0483,0.15,pr,pr2021110008,2021-04-20T14:28:27.840Z,"5 km SE of La Parguera, Puerto Rico",earthquake,0.65,0.66,0.35,8,reviewed,pr,pr
2021-04-20T14:08:45.200Z,40.3115,-124.4998333,22.69,2.66,md,16,243,0.1224,0.1,nc,nc73552115,2021-04-21T13:51:54.040Z,"18km W of Petrolia, CA",earthquake,0.48,0.3,0.203,29,reviewed,nc,nc
2021-04-20T15:12:03.518Z,-18.1599,-178.3253,582.85,4.4,mb,,116,3.835,0.52,us,us6000e37x,2021-04-21T14:44:34.040Z,"249 km E of Levuka, Fiji",earthquake,10.1,7.5,0.043,155,reviewed,us,us
2021-04-20T17:23:36.259Z,14.0391,-92.9378,7.96,4.5,mb,,139,1.298,1.32,us,us6000e3ah,2021-04-20T17:52:15.040Z,"near the coast of Chiapas, Mexico",earthquake,7,5.7,0.054,101,reviewed,us,us
2021-04-20T17:39:58.456Z,36.3511,138.5313,169.51,4.8,mb,,60,0.322,0.84,us,us6000e3al,2021-04-24T02:52:35.098Z,"9 km ENE of Komoro, Japan",earthquake,5.3,3.6,0.038,226,reviewed,us,us
2021-04-20T19:34:11.993Z,23.781,121.5324,10,3,ml,,141,0.395,0.3,us,us6000e3bn,2021-04-20T21:29:45.491Z,"22 km SSW of Hualien City, Taiwan",earthquake,1.5,1.8,0.091,16,reviewed,us,us
2021-04-20T19:58:02.860Z,55.5383,-159.7964,65.7,3.3,ml,,,,0.82,ak,ak021528ruq3,2021-04-20T21:06:16.040Z,"45 km SSW of Ivanof Bay, Alaska",earthquake,,0.5,,,reviewed,ak,ak
2021-04-20T20:01:27.333Z,17.5659,147.3829,10,5,mb,,58,4.637,0.59,us,us6000e3bd,2021-04-24T20:11:36.464Z,"Mariana Islands region",earthquake,10.4,1.8,0.049,138,reviewed,us,us
2021-04-20T20:11:27.392Z,31.66052085,-104.3597905,6.362939453,2.5,ml,19,69,0.1204668656,0.3,tx,tx2021hsrv,2021-04-21T21:13:34.040Z,"57 km S of Whites City, New Mexico",earthquake,1.225736251,1.794131243,0.1,13,reviewed,tx,tx
2021-04-20T21:08:23.870Z,19.2143333333333,-155.413666666667,35.04,2.82,md,55,143,,0.11,hv,hv72434592,2021-04-20T22:05:53.428Z,"6 km E of Pāhala, Hawaii",earthquake,0.45,0.53,0.10758017711228,24,reviewed,hv,hv
2021-04-20T21:15:40.233Z,45.8585,16.0291,14.48,3,ml,,72,0.802,0.67,us,us6000e3bs,2021-04-21T13:25:40.168Z,"3 km NW of Dubrava, Croatia",earthquake,4.1,7.5,0.054,45,reviewed,us,us
2021-04-20T21:40:38.020Z,38.8320007,-122.8073349,1.96,2.45,md,39,36,0.008855,0.05,nc,nc73552280,2021-04-21T00:20:08.523Z,"7km W of Cobb, CA",earthquake,0.17,0.28,0.1,19,automatic,nc,nc
2021-04-20T23:07:30.940Z,17.9556,-67.0018,7,3.08,md,21,204,0.0446,0.13,pr,pr2021110009,2021-04-21T00:48:59.579Z,"5 km ESE of La Parguera, Puerto Rico",earthquake,0.42,0.22,0.21,17,reviewed,pr,pr
2021-04-21T00:38:45.267Z,-21.3364,-71.3939,10,4.8,mb,,149,1.369,0.94,us,us6000e3cp,2021-04-21T15:50:14.893Z,"149 km NW of Tocopilla, Chile",earthquake,6.2,1.9,0.098,32,reviewed,us,us
2021-04-21T01:07:25.470Z,18.0145,-66.7815,13,2.79,md,22,152,0.1775,0.18,pr,pr2021111000,2021-04-21T01:28:25.593Z,"1 km ESE of Guayanilla, Puerto Rico",earthquake,0.48,0.26,0.13,14,reviewed,pr,pr
2021-04-21T01:32:41.880Z,51.0968,-172.4842,24.1,3.5,ml,,,,0.69,ak,ak02153lfxv2,2021-04-21T14:38:45.655Z,"170 km SE of Atka, Alaska",earthquake,,3.1,,,reviewed,ak,ak
2021-04-21T03:55:27.800Z,36.8303333,-121.566,5.55,2.97,ml,86,24,0.05152,0.16,nc,nc73552510,2021-04-25T05:39:41.359Z,"3km SW of San Juan Bautista, CA",earthquake,0.15,0.37,0.167,58,reviewed,nc,nc
2021-04-21T05:16:01.461Z,38.168,-117.9537,4.8,2.6,ml,25,50.32,0.029,0.118,nn,nn00805453,2021-04-21T15:49:24.343Z,"28 km SSE of Mina, Nevada",earthquake,,0.8,0.58,12,reviewed,nn,nn
2021-04-21T05:56:35.910Z,38.3228333,-113.1001667,2.77,2.52,ml,21,99,0.04627,0.23,uu,uu60433427,2021-04-22T05:54:37.040Z,"11 km SW of Milford, Utah",earthquake,0.61,0.97,0.214,15,reviewed,uu,uu
2021-04-21T06:37:40.644Z,58.285,-156.9254,199.8,2.5,ml,,,,0.62,ak,ak02153og5rz,2021-04-21T06:51:29.261Z,"27 km ENE of Egegik, Alaska",earthquake,,2.2,,,automatic,ak,ak
2021-04-21T07:20:33.175Z,69.6304,-145.408,1.6,2.7,ml,,,,0.8,ak,ak02153oxx2e,2021-04-21T11:43:44.040Z,"88 km SW of Kaktovik, Alaska",earthquake,,0.9,,,automatic,ak,ak
2021-04-21T07:58:12.837Z,31.71967735,-104.5746591,5.951611328,3,ml,33,81,0.06119882711,0.3,tx,tx2021htpc,2021-04-21T16:45:00.974Z,"53 km SSW of Whites City, New Mexico",earthquake,2.683765283,0.9789244563,0.2,18,reviewed,tx,tx
2021-04-21T08:08:23.194Z,-34.0244,-72.3031,10,4.4,mb,,186,0.889,0.83,us,us6000e3e3,2021-04-22T07:20:26.040Z,"80 km SW of San Antonio, Chile",earthquake,2.6,2,0.24,6,reviewed,us,us
2021-04-21T10:35:02.180Z,18.051,-68.3495,73,3.54,md,18,214,0.464,0.59,pr,pr2021111004,2021-04-21T12:08:00.040Z,"45 km SE of Boca de Yuma, Dominican Republic",earthquake,3.73,3.79,0.07,13,reviewed,pr,pr
2021-04-21T10:36:46.210Z,17.9425,-66.8373,12,2.77,md,18,190,0.2087,0.17,pr,pr2021111005,2021-04-21T11:58:30.040Z,"6 km SSW of Indios, Puerto Rico",earthquake,0.72,0.43,0.29,14,reviewed,pr,pr
2021-04-21T12:09:04.660Z,19.2065,-155.464166666667,36.52,2.97,md,55,102,,0.11,hv,hv72435537,2021-04-22T12:10:34.910Z,"1 km ENE of Pāhala, Hawaii",earthquake,0.44,0.54,0.158126421023673,24,reviewed,hv,hv
2021-04-21T14:11:47.633Z,69.0544,-144.7458,1.5,3,ml,,,,1.08,ak,ak02153t220p,2021-04-21T14:25:13.773Z,"108 km NNE of Arctic Village, Alaska",earthquake,,2.6,,,automatic,ak,ak
2021-04-21T19:43:49.681Z,17.5333,-62.1645,10,4.5,mb,,104,0.385,0.49,us,us6000e3hp,2021-04-22T03:02:58.248Z,"36 km WSW of Codrington, Antigua and Barbuda",earthquake,6.1,1.9,0.136,16,reviewed,us,us
2021-04-21T21:49:45.669Z,-21.0737,-176.9855,276.76,4.9,mb,,116,5.734,0.95,us,us6000e3id,2021-04-21T22:30:15.040Z,"184 km W of Haveluloto, Tonga",earthquake,10.4,6.5,0.04,198,reviewed,us,us
2021-04-21T21:55:04.784Z,-33.2283,-70.6396,64.81,4.1,mb,,68,0.089,0.53,us,us6000e3ib,2021-04-22T00:55:09.150Z,"6 km NNE of Chicureo Abajo, Chile",earthquake,4.6,5.7,0.303,3,reviewed,us,us
2021-04-21T23:19:33.370Z,-7.3954,156.1427,56.14,4.5,mb,,99,4.276,0.79,us,us6000e3j2,2021-04-22T00:06:40.040Z,"109 km NW of Gizo, Solomon Islands",earthquake,7.8,7.5,0.128,18,reviewed,us,us
2021-04-22T00:17:14.791Z,-33.9901,-72.3393,7.5,5.5,mww,,55,0.913,0.74,us,us6000e3j6,2021-04-23T00:21:28.046Z,"Off the coast of Valparaiso, Chile",earthquake,3.8,3.5,0.06,27,reviewed,us,us
2021-04-22T00:45:42.921Z,60.1697,-151.4482,50.6,2.8,ml,,,,0.6,ak,ak021558gltr,2021-04-22T01:04:58.040Z,"7 km SSW of Clam Gulch, Alaska",earthquake,,0.8,,,automatic,ak,ak
2021-04-22T01:14:51.907Z,-5.6123,101.649,10,4.7,mb,,64,1.8,0.67,us,us6000e3jl,2021-04-22T23:01:56.040Z,"211 km SSW of Bengkulu, Indonesia",earthquake,7.9,1.9,0.126,19,reviewed,us,us
2021-04-22T02:07:21.090Z,17.955,-66.9325,11,2.73,md,20,194,0.1126,0.12,pr,pr2021112001,2021-04-22T02:54:47.458Z,"3 km SW of Guánica, Puerto Rico",earthquake,0.39,0.29,0.43,11,reviewed,pr,pr
2021-04-22T02:14:06.470Z,17.8446,-66.857,12,2.57,md,16,232,0.225,0.16,pr,pr2021112000,2021-04-22T02:24:22.200Z,"15 km SSE of Guánica, Puerto Rico",earthquake,0.64,0.47,0.12,8,reviewed,pr,pr
2021-04-22T04:55:18.620Z,37.6901667,-119.4183333,17.6,2.63,md,29,155,0.2752,0.12,nc,nc73552870,2021-04-24T02:43:07.601Z,"15km ESE of Yosemite Valley, CA",earthquake,0.61,1.29,0.204,47,reviewed,nc,nc
2021-04-22T04:58:44.130Z,19.3658,-68.7773,7,3.72,md,24,211,0.4179,0.51,pr,pr2021112003,2021-04-22T21:42:24.040Z,"50 km NE of Miches, Dominican Republic",earthquake,4.74,3.19,0.05,9,reviewed,pr,pr
2021-04-22T04:58:59.840Z,40.7481667,-124.3001667,25.17,2.46,md,17,190,0.09656,0.05,nc,nc73552875,2021-04-22T23:59:07.832Z,"10km WNW of Humboldt Hill, CA",earthquake,0.4,0.59,0.238,25,reviewed,nc,nc
2021-04-22T06:17:39.930Z,18.8345,-67.6925,6,3.39,md,17,198,0.4981,0.5,pr,pr2021112004,2021-04-22T07:30:12.200Z,"71 km NW of Rincón, Puerto Rico",earthquake,1.56,1.6,0.1,9,reviewed,pr,pr
2021-04-22T07:00:10.340Z,37.5453333,-118.78,8.23,3.09,ml,36,55,0.03245,0.04,nc,nc73552920,2021-04-23T02:08:07.080Z,"9km WSW of Toms Place, CA",earthquake,0.28,0.53,0.211,24,reviewed,nc,nc
2021-04-22T07:05:09.470Z,38.8115005,-122.8103333,-0.1,2.54,md,39,48,0.01188,0.07,nc,nc73552925,2021-04-22T12:40:41.046Z,"6km NW of The Geysers, CA",earthquake,0.13,0.32,0.36,18,automatic,nc,nc
2021-04-22T07:27:35.929Z,-15.6106,-72.658,129.83,4.1,mb,,156,3.627,1.07,us,us6000e3kz,2021-04-22T10:29:13.052Z,"27 km N of Iray, Peru",earthquake,7.3,20.1,0.214,6,reviewed,us,us
2021-04-22T08:03:41.096Z,-17.7733,-178.6411,565.46,4.2,mb,,129,3.15,0.69,us,us6000e3l5,2021-04-22T08:20:58.040Z,"218 km E of Levuka, Fiji",earthquake,15.3,9.6,0.078,45,reviewed,us,us
2021-04-22T08:07:31.997Z,-44.1147,168.6619,9.69,4.1,mwr,,88,0.756,0.52,us,us6000e3l4,2021-04-22T08:34:22.730Z,"75 km NNW of Wanaka, New Zealand",earthquake,3.5,2.5,0.065,23,reviewed,us,us
2021-04-22T08:55:26.411Z,-19.739,-177.7055,567.79,4.6,mb,,127,4.482,0.54,us,us6000e3lj,2021-04-22T09:11:07.040Z,"Fiji region",earthquake,13.6,9.5,0.077,50,reviewed,us,us
2021-04-22T08:56:40.980Z,17.948,-66.8636,9,3.11,md,23,190,0.1819,0.15,pr,pr2021112005,2021-04-22T09:33:06.388Z,"4 km SE of Maria Antonia, Puerto Rico",earthquake,0.46,0.7,0.12,13,reviewed,pr,pr
2021-04-22T10:29:01.076Z,-34.0363,-72.3971,10,4.4,mb,,164,0.968,0.7,us,us6000e3lv,2021-04-22T18:09:00.047Z,"87 km WSW of San Antonio, Chile",earthquake,3,1.9,0.202,7,reviewed,us,us
2021-04-22T13:54:23.432Z,52.3551,-174.5886,178.2,2.5,ml,,,,0.24,ak,ak02155g94pu,2021-04-22T15:21:57.703Z,"31 km WNW of Atka, Alaska",earthquake,,0.7,,,reviewed,ak,ak
2021-04-22T14:11:44.449Z,30.1097,138.4441,457.98,4,mb,,154,3.216,0.91,us,us6000e3ns,2021-04-22T15:29:34.040Z,"Izu Islands, Japan region",earthquake,12.8,6.4,0.09,33,reviewed,us,us
2021-04-22T16:04:26.900Z,19.0358,-67.2036,19,3.35,md,15,220,0.5758,0.76,pr,pr2021112007,2021-04-22T17:21:48.680Z,"61 km N of San Antonio, Puerto Rico",earthquake,3.25,9.18,0.13,6,reviewed,pr,pr
2021-04-22T16:32:49.628Z,11.1428,-86.5811,50.47,4.8,mb,,149,1.04,0.82,us,us6000e3qj,2021-04-22T16:51:00.040Z,"71 km S of Masachapa, Nicaragua",earthquake,5.5,4.9,0.031,326,reviewed,us,us
2021-04-22T16:41:52.077Z,69.0474,-142.7919,0,2.5,ml,,,,0.86,ak,ak02155hypd3,2021-04-22T17:51:43.040Z,"125 km SSE of Kaktovik, Alaska",earthquake,,0.6,,,automatic,ak,ak
2021-04-22T17:01:02.710Z,17.96,-67.0041,8,3.68,md,24,199,0.0412,0.14,pr,pr2021112008,2021-04-23T17:02:57.843Z,"4 km ESE of La Parguera, Puerto Rico",earthquake,0.37,0.52,0.09,12,reviewed,pr,pr
2021-04-22T17:41:11.955Z,-6.797,129.9059,157.62,4.4,mb,,75,1.815,0.84,us,us6000e3r5,2021-04-22T21:02:35.040Z,"Banda Sea",earthquake,5.5,7.6,0.091,37,reviewed,us,us
2021-04-22T18:03:07.652Z,60.9242,-150.4465,42.9,2.7,ml,,,,0.68,ak,ak02155ixbwu,2021-04-22T20:26:50.675Z,"13 km E of Point Possession, Alaska",earthquake,,0.8,,,automatic,ak,ak
2021-04-22T18:33:35.651Z,3.1399,125.8638,59.46,4.6,mb,,104,2.79,0.87,us,us6000e3ri,2021-04-22T21:54:30.040Z,"207 km NNE of Laikit, Laikit II (Dimembe), Indonesia",earthquake,7.6,8.6,0.092,40,reviewed,us,us
2021-04-22T19:29:42.883Z,62.2332,-153.3696,5,2.8,ml,,,,0.49,ak,ak02155joeuw,2021-04-22T20:03:32.553Z,"101 km SSE of Nikolai, Alaska",earthquake,,0,,,reviewed,ak,ak
2021-04-22T20:31:25.744Z,10.4773,125.094,39.33,4.6,mb,,66,3.419,0.54,us,us6000e3s5,2021-04-22T20:49:02.040Z,"9 km SW of Silago, Philippines",earthquake,9.1,6.9,0.055,101,reviewed,us,us
2021-04-22T21:07:39.300Z,36.4438,70.7837,202.26,4.1,mb,,99,0.7,0.7,us,us6000e3se,2021-04-22T21:29:53.040Z,"46 km S of Jurm, Afghanistan",earthquake,6.1,5.8,0.091,33,reviewed,us,us
2021-04-22T21:45:13.559Z,-33.9972,-72.3965,10,4.1,mb,,191,0.961,0.59,us,us6000e3sj,2021-04-22T22:04:42.040Z,"85 km WSW of San Antonio, Chile",earthquake,3.7,1.9,0.262,4,reviewed,us,us
2021-04-22T21:57:19.304Z,-34.0106,-72.3821,11.43,4.2,mb,,99,0.951,0.6,us,us6000e3sk,2021-04-23T02:13:04.783Z,"85 km WSW of San Antonio, Chile",earthquake,2.9,6.6,0.235,5,reviewed,us,us
2021-04-22T22:00:02.768Z,-3.393,141.2928,35,4.5,mb,,131,9.042,0.78,us,us6000e3sp,2021-04-22T23:10:14.040Z,"78 km S of Vanimo, Papua New Guinea",earthquake,12.4,2,0.108,25,reviewed,us,us
2021-04-22T22:29:26.550Z,-21.7645,-68.6192,118.23,4.3,mb,,91,0.579,0.44,us,us6000e3sm,2021-04-23T01:39:59.387Z,"82 km NNE of Calama, Chile",earthquake,6.5,6,0.218,6,reviewed,us,us
2021-04-22T22:48:18.809Z,-23.4109,-179.8008,535.15,4.4,mb,,122,5.985,0.98,us,us6000e3sy,2021-04-22T23:07:01.040Z,"south of the Fiji Islands",earthquake,14.4,10,0.102,28,reviewed,us,us
2021-04-22T23:08:47.733Z,64.3219,-153.1702,9.8,2.9,ml,,,,0.77,ak,ak02155lxnnc,2021-04-22T23:25:33.040Z,"64 km NW of Lake Minchumina, Alaska",earthquake,,0.4,,,automatic,ak,ak
2021-04-22T23:25:04.498Z,53.4568,-163.4249,16.36,3.9,mb,,203,1.29,0.83,us,us6000e3t8,2021-04-22T23:47:59.040Z,"155 km S of False Pass, Alaska",earthquake,7.2,8.2,0.084,37,reviewed,us,us
2021-04-22T23:35:02.837Z,-10.2414,161.0423,65.03,4.6,mb,,130,1.341,0.52,us,us6000e3tl,2021-04-23T01:11:26.040Z,"99 km WNW of Kirakira, Solomon Islands",earthquake,9.7,7.6,0.079,48,reviewed,us,us
2021-04-23T00:04:49.999Z,40.762,-126.4545,15.52,3.1,ml,,242,1.81,0.63,us,us6000e3tj,2021-04-23T21:54:06.498Z,"186 km W of Ferndale, California",earthquake,9.2,12.5,0.041,77,reviewed,us,us
2021-04-23T00:08:08.230Z,38.7756653,-122.7115021,1.95,2.84,md,54,47,0.01213,0.07,nc,nc73553180,2021-04-23T09:51:13.259Z,"2km W of Anderson Springs, CA",earthquake,0.17,0.28,0.18,34,automatic,nc,nc
2021-04-23T00:22:40.608Z,40.7561,-126.5419,15.8,2.9,ml,,253,1.874,0.66,us,us6000e3ts,2021-04-23T00:31:54.040Z,"193 km W of Ferndale, California",earthquake,5.1,14.6,0.046,61,reviewed,us,us
2021-04-23T00:29:55.785Z,44.3735,-114.7328,15.75,2.5,ml,,56,0.238,0.81,us,us6000e3tu,2021-04-23T16:40:15.596Z,"23 km NE of Stanley, Idaho",earthquake,2.4,7.7,0.049,54,reviewed,us,us
2021-04-23T01:20:47.466Z,-10.252,-78.6606,52.29,4.6,mb,,161,2.481,1.22,us,us6000e3u7,2021-04-23T02:18:01.305Z,"59 km WSW of Huarmey, Peru",earthquake,8.4,10.1,0.052,110,reviewed,us,us
2021-04-23T01:52:07.760Z,61.5345,-150.0296,42,3,ml,,,,0.7,ak,ak02156wmt6o,2021-04-24T01:54:33.833Z,"4 km WNW of Big Lake, Alaska",earthquake,,0.3,,,reviewed,ak,ak
2021-04-23T02:14:47.499Z,-23.352,-179.7777,550.49,4.9,mb,,70,5.937,1.26,us,us6000e3ue,2021-04-23T02:32:24.040Z,"south of the Fiji Islands",earthquake,9.8,5.4,0.029,384,reviewed,us,us
2021-04-23T02:19:30.717Z,31.4684,140.9319,61.16,4.6,mb,,127,1.895,0.65,us,us6000e3uf,2021-04-23T03:02:52.040Z,"Izu Islands, Japan region",earthquake,10.3,9,0.064,74,reviewed,us,us
2021-04-23T02:59:21.348Z,31.8062,-10.2776,10,4.2,mb,,71,2.839,1.1,us,us6000e3uk,2021-04-23T08:25:00.182Z,"58 km NW of Essaouira, Morocco",earthquake,8.4,1.9,0.118,20,reviewed,us,us
2021-04-23T03:19:28.740Z,17.9345,-67.0198,12,3.13,ml,22,228,0.0426,0.2,pr,pr2021113002,2021-04-23T04:39:24.760Z,"5 km SSE of La Parguera, Puerto Rico",earthquake,0.7,0.38,0,0,reviewed,pr,pr
2021-04-23T03:21:59.500Z,17.947,-67.009,9,3.3,md,23,218,0.0418,0.09,pr,pr2021113001,2021-04-23T04:36:32.486Z,"5 km SE of La Parguera, Puerto Rico",earthquake,0.43,0.48,0.24,15,reviewed,pr,pr
2021-04-23T03:50:02.273Z,52.0642,-176.2076,10,2.6,ml,,131,0.033,0.2,us,us6000e44t,2021-04-23T21:53:01.040Z,"36 km NE of Adak, Alaska",earthquake,2.1,1.6,0.115,10,reviewed,us,us
2021-04-23T03:53:12.170Z,-34.0667,-72.3806,10,4.1,mb,,159,0.96,0.58,us,us6000e3uy,2021-04-23T23:52:16.704Z,"88 km SW of San Antonio, Chile",earthquake,3.3,1.8,0.233,6,reviewed,us,us
2021-04-23T04:13:14.074Z,-34.0383,-72.4081,10,4.4,mb,,154,0.977,1,us,us6000e3v3,2021-04-23T18:00:20.050Z,"Near the coast of Libertador O'Higgins, Chile",earthquake,3.4,1.9,0.19,8,reviewed,us,us
2021-04-23T05:00:38.386Z,38.1536,-117.8909,8.8,3.2,ml,27,41.39,0.015,0.1199,nn,nn00805580,2021-04-25T05:19:57.597Z,"32 km SE of Mina, Nevada",earthquake,,0.6,0.25,12,reviewed,nn,nn
2021-04-23T05:12:23.997Z,37.2946,140.8986,68.03,4.3,mb,,205,2.282,0.4,us,us6000e3vj,2021-04-23T06:02:32.040Z,"22 km SSW of Namie, Japan",earthquake,10.2,10.5,0.119,20,reviewed,us,us
2021-04-23T06:15:13.760Z,17.9598,-67.0081,9,2.45,md,22,200,0.0374,0.08,pr,pr2021113003,2021-04-23T07:00:25.430Z,"4 km ESE of La Parguera, Puerto Rico",earthquake,0.27,0.29,0.22,13,reviewed,pr,pr
2021-04-23T06:45:55.473Z,40.7546,-126.6578,16.3,3,ml,,263,1.961,1.07,us,us6000e3w2,2021-04-23T06:56:05.040Z,"203 km W of Ferndale, California",earthquake,8.9,14.5,0.046,63,reviewed,us,us
2021-04-23T06:51:07.920Z,35.0608333,-116.6198333,1.97,3.01,ml,27,49,0.005958,0.13,ci,ci39625767,2021-04-23T16:21:16.550Z,"23km SSE of Fort Irwin, CA",earthquake,0.15,0.21,0.128,161,reviewed,ci,ci
2021-04-23T07:02:58.706Z,-27.8794,-66.6783,163.53,4.6,mb,,93,2.415,0.74,us,us6000e3w8,2021-04-23T17:32:26.431Z,"48 km ESE of Londres, Argentina",earthquake,4.6,8.4,0.105,27,reviewed,us,us
2021-04-23T07:26:37.273Z,30.5258,131.3898,28.95,4.5,mb,,118,1.268,1.04,us,us6000e3wd,2021-04-23T07:46:43.040Z,"43 km ESE of Nishinoomote, Japan",earthquake,4.9,6,0.118,21,reviewed,us,us
2021-04-23T07:49:52.500Z,53.7793,-164.2988,6.57,3.5,mb,,195,0.757,0.99,us,us6000e3wk,2021-04-23T07:59:29.040Z,"104 km ESE of Akutan, Alaska",earthquake,5.6,8.2,0.175,8,reviewed,us,us
2021-04-23T07:50:34.415Z,36.5582,70.9335,195.4,4.4,mb,,78,0.634,0.56,us,us6000e3wl,2021-04-23T08:15:05.040Z,"35 km SSE of Jurm, Afghanistan",earthquake,5.5,5.6,0.078,47,reviewed,us,us
2021-04-23T08:03:12.320Z,19.0298,-67.6573,22,3.33,md,19,311,0.6695,0.28,pr,pr2021113004,2021-04-23T08:46:28.959Z,"83 km NW of San Antonio, Puerto Rico",earthquake,1.22,21.11,0.23,14,reviewed,pr,pr
2021-04-23T08:13:40.360Z,18.9401,-67.4645,32,3.31,md,23,192,0.5558,0.49,pr,pr2021113005,2021-04-23T09:41:19.595Z,"62 km NW of San Antonio, Puerto Rico",earthquake,1.63,9.14,0.08,18,reviewed,pr,pr
2021-04-23T08:48:17.035Z,8.447,125.9063,52.14,4.5,mb,,126,1.406,0.53,us,us6000e3xd,2021-04-23T09:06:58.052Z,"4 km SSE of Borbon, Philippines",earthquake,4.7,8.9,0.128,18,reviewed,us,us
2021-04-23T08:49:04.707Z,55.2291,163.2356,10,4.2,mb,,151,3.487,0.67,us,us6000e3xc,2021-04-23T09:12:08.040Z,"120 km SSE of Ust’-Kamchatsk Staryy, Russia",earthquake,8.9,2,0.1,28,reviewed,us,us
2021-04-23T09:02:26.758Z,56.395,-148.6828,12,2.8,ml,,,,0.6,ak,ak0215713rgd,2021-04-23T14:41:03.277Z,"257 km ESE of Chiniak, Alaska",earthquake,,4.8,,,reviewed,ak,ak
2021-04-23T10:24:15.480Z,17.9465,-67.0075,9,2.59,md,12,229,0.0433,0.23,pr,pr2021113007,2021-04-23T10:59:58.198Z,"5 km SE of La Parguera, Puerto Rico",earthquake,0.73,1.07,0.24,8,reviewed,pr,pr
2021-04-23T10:39:48.890Z,8.3216,125.9588,10,4.5,mb,,92,1.299,0.6,us,us6000e3y0,2021-04-23T11:08:25.360Z,"11 km SSW of Lapinigan, Philippines",earthquake,9.2,1.9,0.075,56,reviewed,us,us
2021-04-23T11:18:40.530Z,39.5256667,-123.0365,7.42,3.91,mw,96,20,0.1198,0.14,nc,nc73553370,2021-04-24T16:49:26.894Z,"15km NNW of Lake Pillsbury, CA",earthquake,0.12,0.42,,5,reviewed,nc,nc
2021-04-23T12:09:11.529Z,6.6168,125.6524,220.02,4.3,mb,,80,0.455,0.78,us,us6000e3y9,2021-04-23T12:37:50.040Z,"16 km NE of Tubalan, Philippines",earthquake,9.7,5.2,0.094,35,reviewed,us,us
2021-04-23T13:50:01.910Z,18.7958,-66.0745,52,2.93,md,15,267,0.4869,0.18,pr,pr2021113008,2021-04-23T15:46:17.622Z,"Puerto Rico region",earthquake,0.97,2.04,0.05,7,reviewed,pr,pr
2021-04-23T14:56:48.641Z,-63.4851,-63.2139,10,5,mb,,61,2.795,0.72,us,us6000e40m,2021-04-23T16:21:38.040Z,"South Shetland Islands",earthquake,5.1,1.8,0.111,29,reviewed,us,us
2021-04-23T15:16:26.174Z,30.5966,137.6852,486.56,4.4,mb,,77,3.096,0.81,us,us6000e41t,2021-04-23T15:34:00.040Z,"Izu Islands, Japan region",earthquake,10.2,7.8,0.03,327,reviewed,us,us
2021-04-23T15:33:43.537Z,15.6434,-94.5746,39.62,4.8,mwr,,138,2.429,0.98,us,us6000e425,2021-04-23T16:01:26.991Z,"65 km S of San Francisco del Mar Viejo, Mexico",earthquake,8.2,7.3,0.089,12,reviewed,us,us
2021-04-23T16:52:10.017Z,-13.8521,167.1683,196.14,4.4,mb,,164,1.586,1.02,us,us6000e42u,2021-04-24T19:34:35.040Z,"41 km W of Sola, Vanuatu",earthquake,13.9,10,0.106,26,reviewed,us,us
2021-04-23T17:06:40.734Z,-4.3442,102.1139,61.71,4.4,mb,,190,0.839,0.78,us,us6000e42z,2021-04-24T15:40:46.040Z,"62 km SSW of Bengkulu, Indonesia",earthquake,3.5,7.6,0.099,32,reviewed,us,us
2021-04-23T17:53:27.760Z,17.9445,-67.0001,7,2.83,md,16,226,0.0507,0.19,pr,pr2021113010,2021-04-23T18:15:39.113Z,"5 km SE of La Parguera, Puerto Rico",earthquake,0.59,0.28,0.18,15,reviewed,pr,pr
2021-04-23T18:12:50.561Z,-62.404,-58.4517,10,4.8,mb,,91,0.194,0.56,us,us6000e43n,2021-04-23T18:50:04.040Z,"South Shetland Islands",earthquake,8.4,1.8,0.122,24,reviewed,us,us
2021-04-23T18:45:29.265Z,5.2047,126.5048,29.74,5,mww,,74,2.068,0.67,us,us6000e43x,2021-04-24T17:41:25.040Z,"117 km E of Sarangani, Philippines",earthquake,6.3,4.1,0.08,15,reviewed,us,us
2021-04-23T18:56:43.371Z,51.6094,-177.1511,24.33,2.5,ml,,210,0.16,0.42,us,us6000e482,2021-04-24T15:29:02.040Z,"46 km SW of Adak, Alaska",earthquake,5.4,10.1,0.115,10,reviewed,us,us
2021-04-23T21:15:55.120Z,39.6301,-98.5207,5,2.9,mb_lg,,49,1.215,0.44,us,us6000e45g,2021-04-24T00:57:24.049Z,"14 km N of Downs, Kansas",earthquake,1.4,2,0.052,97,reviewed,us,us
2021-04-23T22:15:53.801Z,7.8947,-37.9208,10,5,mb,,91,13.78,0.61,us,us6000e467,2021-04-23T22:35:12.040Z,"central Mid-Atlantic Ridge",earthquake,10.5,1.9,0.055,106,reviewed,us,us
2021-04-23T23:09:24.362Z,5.2006,126.4349,54.52,4.5,mb,,113,2.042,0.83,us,us6000e46q,2021-04-23T23:37:27.040Z,"109 km ESE of Sarangani, Philippines",earthquake,7.6,7.2,0.059,85,reviewed,us,us
2021-04-23T23:11:55.891Z,-20.4975,-177.6389,498.45,5.1,mb,,90,4.907,0.84,us,us6000e46r,2021-04-23T23:29:46.040Z,"262 km WNW of Haveluloto, Tonga",earthquake,10.8,7.4,0.026,493,reviewed,us,us
2021-04-23T23:44:54.360Z,44.3275,-115.0545,7.59,2.7,ml,13,59,0.134,0.23,mb,mb80498829,2021-04-24T14:27:13.020Z,"15 km NW of Stanley, Idaho",earthquake,0.47,1.07,0.21,18,reviewed,mb,mb
2021-04-23T23:46:06.270Z,-20.1906,169.044,35,4.7,mb,,88,2.833,1.18,us,us6000e470,2021-04-24T00:02:03.040Z,"76 km SSW of Isangel, Vanuatu",earthquake,8,2,0.072,58,reviewed,us,us
2021-04-23T23:54:51.713Z,58.438,-136.8167,2.5,2.5,ml,,,,0.58,ak,ak021579qvdf,2021-04-24T00:11:10.040Z,"38 km NW of Elfin Cove, Alaska",ice quake,,0.5,,,automatic,ak,ak
2021-04-24T00:01:14.651Z,54.4367,-159.6929,31.01,3,ml,,207,0.399,0.36,us,us6000e475,2021-04-24T00:18:47.040Z,"112 km SSE of Sand Point, Alaska",earthquake,3.8,10.4,0.066,30,reviewed,us,us
2021-04-24T00:23:38.098Z,-18.9189,-176.26,301,6.5,mww,,19,4.92,0.91,us,us6000e47c,2021-04-25T00:27:03.616Z,"223 km WNW of Pangai, Tonga",earthquake,8.7,1.9,0.06,27,reviewed,us,us
2021-04-24T00:56:25.074Z,32.5273,-40.2065,10,5,mb,,51,21.136,0.61,us,us6000e47p,2021-04-24T01:12:03.040Z,"northern Mid-Atlantic Ridge",earthquake,10.4,1.9,0.035,256,reviewed,us,us
2021-04-24T01:05:43.370Z,62.2108,-148.1729,20.5,3.1,ml,,,,0.66,ak,ak02158jw5to,2021-04-24T01:35:29.710Z,"48 km NNE of Chickaloon, Alaska",earthquake,,0.4,,,automatic,ak,ak
2021-04-24T01:26:28.464Z,51.6651,-175.3691,50.21,3.8,mb,,195,0.606,1.19,us,us6000e47v,2021-04-24T10:03:00.788Z,"90 km ESE of Adak, Alaska",earthquake,5.6,8.2,0.052,98,reviewed,us,us
2021-04-24T01:44:05.040Z,-19.6409,-69.298,102.4,4.2,mb,,66,0.101,0.6,us,us6000e484,2021-04-24T12:04:24.519Z,"109 km NE of Iquique, Chile",earthquake,4.8,3.5,0.2,7,reviewed,us,us
2021-04-24T02:44:31.824Z,44.35,149.3027,49.9,4.3,mb,,169,4.827,0.58,us,us6000e48h,2021-04-24T03:07:57.040Z,"149 km SE of Kuril’sk, Russia",earthquake,4.6,8.9,0.058,83,reviewed,us,us
2021-04-24T03:15:16.415Z,19.3724,120.1841,10,4.5,mb,,119,3.528,0.76,us,us6000e490,2021-04-24T03:43:55.040Z,"107 km NNW of Davila, Philippines",earthquake,7.5,1.8,0.07,61,reviewed,us,us
2021-04-24T03:35:22.290Z,38.1797,-117.8668,13.8,2.8,ml,30,48.74,0.021,0.12,nn,nn00805669,2021-04-24T03:57:46.107Z,"31 km SE of Mina, Nevada",earthquake,,0.5,,,automatic,nn,nn
2021-04-24T05:01:41.698Z,-8.3095,-79.7,56.67,4.6,mb,,138,4.612,0.53,us,us6000e49s,2021-04-24T05:37:34.338Z,"63 km SW of Santiago de Cao, Peru",earthquake,8.7,8.3,0.094,34,reviewed,us,us
2021-04-24T05:34:48.490Z,38.0696678,-118.694664,-1.46,2.7,md,33,73,,0.23,nc,nc73553705,2021-04-24T08:36:06.399Z,"30km SSW of Qualeys Camp, NV",earthquake,0.45,6.41,0.18,26,automatic,nc,nc
2021-04-24T06:40:15.620Z,17.9443,-67.0195,12,2.52,md,18,222,0.0352,0.11,pr,pr2021114000,2021-04-24T07:18:34.333Z,"4 km SE of La Parguera, Puerto Rico",earthquake,0.54,0.26,0.21,13,reviewed,pr,pr
2021-04-24T06:59:57.430Z,17.8116,-66.8505,2,2.95,md,22,232,0.2499,0.17,pr,pr2021114001,2021-04-24T08:22:38.929Z,"18 km SSE of Guánica, Puerto Rico",earthquake,0.4,0.38,0.18,18,reviewed,pr,pr
2021-04-24T07:40:58.165Z,56.9449,118.0749,10,4.1,mb,,89,7.753,0.58,us,us6000e4am,2021-04-25T04:32:45.040Z,"12 km WNW of Chara, Russia",earthquake,10.2,1.9,0.117,20,reviewed,us,us
2021-04-24T08:15:14.420Z,17.9738,-67.1493,6,2.53,md,18,269,0.0514,0.14,pr,pr2021114002,2021-04-24T08:41:17.456Z,"3 km E of Pole Ojea, Puerto Rico",earthquake,0.58,0.23,0.21,8,reviewed,pr,pr
2021-04-24T08:32:07.730Z,38.0857,-118.254,13.5,2.5,ml,33,78.83,0.186,0.2,nn,nn00805686,2021-04-25T04:32:10.040Z,"California-Nevada border region",earthquake,,3.3,,,automatic,nn,nn
2021-04-24T08:50:35.026Z,-4.3426,129.5509,107.86,4.8,mb,,47,3.041,0.76,us,us6000e4b2,2021-04-24T09:07:35.040Z,"131 km SSE of Amahai, Indonesia",earthquake,7.9,7.3,0.094,35,reviewed,us,us
2021-04-24T08:51:05.750Z,17.9291,-66.9763,9,2.64,md,22,222,0.079,0.19,pr,pr2021114003,2021-04-24T09:36:23.236Z,"8 km WSW of Guánica, Puerto Rico",earthquake,0.55,0.69,0.15,21,reviewed,pr,pr
2021-04-24T09:30:41.854Z,52.004,178.4512,110.21,5,mww,,83,1.709,0.83,us,us6000e4bf,2021-04-25T03:40:50.545Z,"Rat Islands, Aleutian Islands, Alaska",earthquake,7.5,4.8,0.048,42,reviewed,us,us
2021-04-24T11:38:22.920Z,58.4339,-136.8545,1.2,2.5,ml,,,,0.76,ak,ak02158q1ixg,2021-04-24T12:14:08.040Z,"40 km NW of Elfin Cove, Alaska",earthquake,,0.6,,,automatic,ak,ak
2021-04-24T11:52:17.087Z,31.73608874,-104.1010651,6.799975586,2.7,ml,12,66,0.06020229916,0.2,tx,tx2021hzji,2021-04-24T12:06:02.040Z,"western Texas",earthquake,0.90565908,1.3565831070000003,0.1,6,reviewed,tx,tx
2021-04-24T12:12:35.800Z,17.9443,-67.0083,9,2.95,md,20,220,0.0438,0.13,pr,pr2021114004,2021-04-24T13:13:52.438Z,"Puerto Rico region",earthquake,0.41,0.52,0.16,16,reviewed,pr,pr
2021-04-24T13:13:15.792Z,55.9333,-149.252,0,3,ml,,,,0.71,ak,ak02158r329d,2021-04-24T13:17:39.780Z,"263 km SE of Chiniak, Alaska",earthquake,,572.7,,,automatic,ak,ak
2021-04-24T13:36:50.901Z,13.6127,-89.6104,103.96,4.1,mb,,155,0.162,1.02,us,us6000e4db,2021-04-24T16:04:03.040Z,"16 km SSE of Izalco, El Salvador",earthquake,6,4.9,0.165,10,reviewed,us,us
2021-04-24T14:15:38.980Z,17.9408,-67.0031,8,2.99,md,20,220,0.0501,0.12,pr,pr2021114005,2021-04-24T16:17:10.040Z,"Puerto Rico region",earthquake,0.44,0.68,0.16,18,reviewed,pr,pr
2021-04-24T14:27:48.720Z,19.018,-65.172,27,3.4,md,19,322,1.1069,0.52,pr,pr2021114006,2021-04-24T16:21:13.040Z,"79 km NNW of Charlotte Amalie, U.S. Virgin Islands",earthquake,2.53,32.6,0.11,14,reviewed,pr,pr
2021-04-24T15:28:23.954Z,-16.5677,-73.0553,75.3,4.3,mb,,151,3.149,0.87,us,us6000e4e1,2021-04-24T17:21:21.835Z,"35 km W of El Cardo, Peru",earthquake,10,5.1,0.218,6,reviewed,us,us
2021-04-24T15:54:42.610Z,36.2843323,-120.8596649,10.18,2.62,md,35,107,0.08302,0.11,nc,nc73553895,2021-04-24T19:11:22.609Z,"22km SW of New Idria, CA",earthquake,0.34,0.74,0.21,46,automatic,nc,nc
2021-04-24T16:02:45.156Z,31.65345244,-104.3123677,6.157275391,3,ml,29,66,0.1212110559,0.3,tx,tx2021hzrp,2021-04-24T16:15:08.546Z,"58 km S of Whites City, New Mexico",earthquake,1.359675338,2.119975461,0.1,19,reviewed,tx,tx
2021-04-24T16:56:58.488Z,36.4301,68.5916,54.16,4.4,mb,,114,1.738,0.97,us,us6000e4er,2021-04-24T19:42:52.040Z,"34 km NNW of Baghlān, Afghanistan",earthquake,7.4,9.1,0.149,13,reviewed,us,us
2021-04-24T17:50:01.920Z,17.9288,-66.9326,10,2.48,md,18,213,0.1188,0.2,pr,pr2021114008,2021-04-24T18:19:51.650Z,"5 km SSW of Guánica, Puerto Rico",earthquake,0.59,0.81,0.24,11,reviewed,pr,pr
2021-04-24T18:00:32.729Z,13.8006,57.1081,10,5.6,mww,,35,11.119,1.3,us,us6000e4f6,2021-04-24T20:03:09.715Z,"Owen Fracture Zone region",earthquake,8.9,1.8,0.069,20,reviewed,us,us
2021-04-24T18:02:11.720Z,36.7719994,-121.4934998,7.15,2.81,md,61,48,0.01848,0.17,nc,nc73553930,2021-04-25T05:26:57.849Z,"9km SSE of San Juan Bautista, CA",earthquake,0.24,0.45,0.1,81,automatic,nc,nc
2021-04-24T18:14:19.192Z,-27.5312,-71.2211,34.97,4.3,mwr,,147,0.683,1.11,us,us6000e4fb,2021-04-25T03:04:55.781Z,"89 km WSW of Copiapó, Chile",earthquake,4,7.2,0.061,26,reviewed,us,us
2021-04-24T19:35:07.832Z,-5.6857,154.4634,87.42,4.4,mb,,99,2.73,0.36,us,us6000e4fy,2021-04-24T21:23:50.040Z,"132 km WNW of Panguna, Papua New Guinea",earthquake,9.5,7.8,0.064,71,reviewed,us,us
2021-04-24T20:20:00.050Z,-1.9708,128.2362,10,4.7,mb,,75,2.859,0.77,us,us6000e4g1,2021-04-24T21:42:03.040Z,"169 km NNW of Amahai, Indonesia",earthquake,7.7,1.9,0.09,37,reviewed,us,us
2021-04-24T21:16:53.310Z,36.0589981,-120.1926651,10.46,2.53,md,35,137,0.1496,0.27,nc,nc73554015,2021-04-24T23:39:06.995Z,"8km NW of Avenal, CA",earthquake,0.62,1.17,0.14,38,automatic,nc,nc
2021-04-24T21:17:42.616Z,14.0585,-92.6933,38,4.5,mb,,167,1.073,0.69,us,us6000e4ga,2021-04-24T22:04:22.040Z,"73 km SW of Brisas Barra de Suchiate, Mexico",earthquake,7.8,11,0.055,96,reviewed,us,us
2021-04-24T22:18:00.630Z,17.9308,-66.8813,13,2.54,md,18,208,0.1674,0.14,pr,pr2021114010,2021-04-24T22:44:00.328Z,"5 km S of Maria Antonia, Puerto Rico",earthquake,0.48,0.28,0.28,11,reviewed,pr,pr
2021-04-24T22:50:55.691Z,69.6809,-145.0098,0,2.5,ml,,,,0.97,ak,ak02158wnxp6,2021-04-24T23:06:57.316Z,"73 km SW of Kaktovik, Alaska",earthquake,,1,,,automatic,ak,ak
2021-04-24T22:57:25.510Z,17.9496,-67.0026,9,3.35,md,24,213,0.0461,0.09,pr,pr2021114011,2021-04-25T02:22:30.760Z,"5 km ESE of La Parguera, Puerto Rico",earthquake,0.4,0.54,0.16,12,reviewed,pr,pr
2021-04-25T00:03:44.850Z,17.9165,-67.0051,11,2.54,md,18,241,0.0658,0.12,pr,pr2021115000,2021-04-25T00:31:42.889Z,"7 km SE of La Parguera, Puerto Rico",earthquake,0.5,0.31,0.44,15,reviewed,pr,pr
2021-04-25T00:12:30.500Z,17.948,-67.0008,8,2.59,md,18,223,0.0484,0.11,pr,pr2021115001,2021-04-25T00:56:58.991Z,"5 km ESE of La Parguera, Puerto Rico",earthquake,0.47,0.67,0.3,12,reviewed,pr,pr
2021-04-25T00:50:57.760Z,19.1935005187988,-155.488830566406,33.2299995422363,2.52,ml,52,72,,0.140000001,hv,hv72440057,2021-04-25T02:50:00.040Z,"1 km SW of Pāhala, Hawaii",earthquake,0.49,0.720000029,3.51,22,automatic,hv,hv
2021-04-25T01:48:27.397Z,13.7729,-91.7246,44.34,4.3,mb,,189,0.747,1.29,us,us6000e4i8,2021-04-25T02:23:42.040Z,"61 km SSE of Champerico, Guatemala",earthquake,7.8,11.1,0.06,79,reviewed,us,us
2021-04-25T01:52:47.212Z,-1.8031,134.3425,36.52,5,mb,,125,2.367,1.32,us,us6000e4ig,2021-04-25T02:11:52.040Z,"108 km SSE of Manokwari, Indonesia",earthquake,10.2,4.3,0.06,87,reviewed,us,us
2021-04-25T02:12:35.680Z,19.4654998779297,-155.653671264648,-3.67000007629395,2.6,ml,47,74,,0.270000011,hv,hv72440137,2021-04-25T02:35:44.040Z,"22 km E of Honaunau-Napoopoo, Hawaii",earthquake,0.43,0.180000007,2.82,28,automatic,hv,hv
2021-04-25T03:15:29.543Z,69.622,-144.2422,0.1,2.8,ml,,,,0.92,ak,ak0215a8ohnk,2021-04-25T03:36:04.934Z,"61 km SSW of Kaktovik, Alaska",earthquake,,0.6,,,automatic,ak,ak
2021-04-25T04:59:28.470Z,37.2675018,-121.6421661,6.46,3.61,mw,78,42,,0.06,nc,nc73554215,2021-04-25T07:22:37.149Z,"15km N of Morgan Hill, CA",earthquake,0.12,0.32,,3,reviewed,nc,nc
2021-04-25T05:31:58.580Z,33.8063333,-116.0783333,0.79,2.56,ml,56,47,0.1196,0.23,ci,ci39628175,2021-04-25T05:56:08.040Z,"16km NE of Indio, CA",earthquake,0.22,0.49,0.181,26,automatic,ci,ci
2021-04-25T05:48:18.990Z,32.9581667,-115.5553333,10.4,2.48,ml,39,39,0.05672,0.32,ci,ci39628183,2021-04-25T06:29:19.516Z,"3km SW of Brawley, CA",earthquake,0.41,0.89,0.23,25,automatic,ci,ci
2021-04-25T06:17:52.550Z,33.8068333,-116.0795,1.85,2.46,ml,57,46,0.1187,0.2,ci,ci39628191,2021-04-25T06:29:22.040Z,"16km NE of Indio, CA",earthquake,0.2,0.45,0.146,25,automatic,ci,ci
2021-04-25T06:28:14.950Z,17.9075,-66.8586,14,2.77,md,21,205,0.1957,0.11,pr,pr2021115002,2021-04-25T07:16:42.198Z,"8 km SSE of Maria Antonia, Puerto Rico",earthquake,0.44,0.54,0.3,15,reviewed,pr,pr
2021-04-25T06:30:40.736Z,31.6108,-104.5439,5,2.7,ml,,76,0.068,0.38,us,us6000e4kk,2021-04-25T06:43:12.040Z,"64 km SSW of Whites City, New Mexico",earthquake,1.4,1.5,0.053,66,reviewed,us,us
2021-04-25T06:33:22.241Z,0.312,122.3,128.8,4.5,mb,,55,1.425,0.67,us,us6000e4kn,2021-04-25T06:57:20.040Z,"88 km WSW of Gorontalo, Indonesia",earthquake,7.9,7.9,0.077,50,reviewed,us,us
time,latitude,longitude,depth,mag,magType,nst,gap,dmin,rms,net,id,updated,place,type,horizontalError,depthError,magError,magNst,status,locationSource,magSource
