date,aapl,amzn,goog,tsla
20200831,129.039993,3450.959961,1634.180054,498.320007
20200901,134.179993,3499.120117,1660.709961,475.049988
20200902,131.399994,3531.449951,1728.280029,447.369995
20200903,120.879997,3368.000000,1641.839966,407.000000
20200904,120.959999,3294.620117,1591.040039,418.320007
20200908,112.820000,3149.840088,1532.390015,330.209991
20200909,117.320000,3268.610107,1556.959961,366.279999
20200910,113.489998,3175.110107,1532.020020,371.339996
20200911,112.000000,3116.219971,1520.719971,372.720001
20200914,115.360001,3102.969971,1519.280029,419.619995
20200915,115.540001,3156.129883,1541.439941,449.760010
20200916,112.129997,3078.100098,1520.900024,441.760010
20200917,110.339996,3008.729980,1495.530029,423.429993
20200918,106.839996,2954.909912,1459.989990,442.149994
20200921,110.080002,2960.469971,1431.160034,449.390015
20200922,111.809998,3128.989990,1465.459961,424.230011
20200923,107.120003,2999.860107,1415.209961,380.359985
20200924,108.220001,3019.790039,1428.290039,387.790009
20200925,112.279999,3095.129883,1444.959961,407.339996
20200928,114.959999,3174.050049,1464.520020,421.200012
20200929,114.089996,3144.879883,1469.329956,419.070007
20200930,115.809998,3148.729980,1469.599976,429.010010
20201001,116.790001,3221.260010,1490.089966,448.160004
20201002,113.019997,3125.000000,1458.420044,415.089996
20201005,116.500000,3199.199951,1486.020020,425.679993
20201006,113.160004,3099.959961,1453.439941,413.980011
20201007,115.080002,3195.689941,1460.290039,425.299988
20201008,114.970001,3190.550049,1485.930054,425.920013
20201009,116.970001,3286.649902,1515.219971,434.000000
20201012,124.400002,3442.929932,1569.150024,442.299988
20201013,121.099998,3443.629883,1571.680054,446.649994
20201014,121.190002,3363.709961,1568.079956,461.299988
20201015,120.709999,3338.649902,1559.130005,448.880005
20201016,119.019997,3272.709961,1573.010010,439.670013
20201019,115.980003,3207.209961,1534.609985,430.829987
20201020,117.510002,3217.010010,1555.930054,421.940002
20201021,116.870003,3184.939941,1593.310059,422.640015
20201022,115.750000,3176.399902,1615.329956,425.790009
20201023,115.040001,3204.399902,1641.000000,420.630005
20201026,115.050003,3207.040039,1590.449951,420.279999
20201027,116.599998,3286.330078,1604.260010,424.679993
20201028,111.199997,3162.780029,1516.619995,406.019989
20201029,115.320000,3211.010010,1567.239990,410.829987
20201030,108.860001,3036.149902,1621.010010,388.040009
20201102,108.769997,3004.479980,1626.030029,400.510010
20201103,110.440002,3048.409912,1650.209961,423.899994
20201104,114.949997,3241.159912,1749.130005,420.980011
20201105,119.029999,3322.000000,1763.369995,438.089996
20201106,118.690002,3311.370117,1761.750000,429.950012
20201109,116.320000,3143.739990,1763.000000,421.260010
20201110,115.970001,3035.020020,1740.390015,410.359985
20201111,119.489998,3137.389893,1752.709961,417.130005
20201112,119.209999,3110.280029,1749.839966,411.760010
20201113,119.260002,3128.810059,1777.020020,408.500000
20201116,120.300003,3131.060059,1781.380005,408.089996
20201117,119.389999,3135.659912,1770.150024,441.609985
20201118,118.029999,3105.459961,1746.780029,486.640015
20201119,118.639999,3117.020020,1763.920044,499.269989
20201120,117.339996,3099.399902,1742.189941,489.609985
20201123,113.849998,3098.389893,1734.859985,521.849976
20201124,115.169998,3118.060059,1768.880005,555.380005
20201125,116.029999,3185.070068,1771.430054,574.000000
20201127,116.589996,3195.340088,1793.189941,585.760010
20201130,119.050003,3168.040039,1760.739990,567.599976
20201201,122.720001,3220.080078,1798.099976,584.760010
20201202,123.080002,3203.530029,1827.949951,568.820007
20201203,122.940002,3186.729980,1826.770020,593.380005
20201204,122.250000,3162.580078,1827.989990,599.039978
20201207,123.750000,3158.000000,1819.479980,641.760010
20201208,124.379997,3177.290039,1818.550049,649.880005
20201209,121.779999,3104.199951,1784.130005,604.479980
20201210,123.239998,3101.489990,1775.329956,627.070007
20201211,122.410004,3116.419922,1781.770020,609.989990
20201214,121.779999,3156.969971,1760.060059,639.830017
20201215,127.879997,3165.120117,1767.770020,633.250000
20201216,127.809998,3240.959961,1763.000000,622.770020
20201217,128.699997,3236.080078,1747.900024,655.900024
20201218,126.660004,3201.649902,1731.010010,695.000000
20201221,128.229996,3206.179932,1739.369995,649.859985
20201222,131.880005,3206.520020,1723.500000,640.340027
20201223,130.960007,3185.270020,1732.380005,645.979980
20201224,131.970001,3172.689941,1738.849976,661.770020
20201228,136.690002,3283.959961,1776.089966,663.690002
20201229,134.869995,3322.000000,1758.719971,665.989990
20201230,133.720001,3285.850098,1739.520020,694.780029
20201231,132.690002,3256.929932,1751.880005,705.669983
20210104,129.410004,3186.629883,1728.239990,729.770020
20210105,131.009995,3218.510010,1740.920044,735.109985
20210106,126.599998,3138.379883,1735.290039,755.979980
20210107,130.919998,3162.159912,1787.250000,816.039978
20210108,132.050003,3182.699951,1807.209961,880.020020
20210111,128.979996,3114.209961,1766.719971,811.190002
20210112,128.800003,3120.830078,1746.550049,849.440002
20210113,130.889999,3165.889893,1754.400024,854.409973
20210114,128.910004,3127.469971,1740.180054,845.000000
20210115,127.139999,3104.250000,1736.189941,826.159973
20210119,127.830002,3120.760010,1790.859985,844.549988
20210120,132.029999,3263.379883,1886.900024,850.450012
20210121,136.869995,3306.989990,1891.250000,844.989990
20210122,139.070007,3292.229980,1901.050049,846.640015
20210125,142.919998,3294.000000,1899.400024,880.799988
20210126,143.160004,3326.129883,1917.239990,883.090027
20210127,142.059998,3232.580078,1830.790039,864.159973
20210128,137.089996,3237.620117,1863.109985,835.429993
20210129,131.960007,3206.199951,1835.739990,793.530029
20210201,134.139999,3342.879883,1901.349976,839.809998
20210202,134.990005,3380.000000,1927.510010,872.789978
20210203,133.940002,3312.530029,2070.070068,854.690002
20210204,137.389999,3331.000000,2062.370117,849.989990
20210205,136.759995,3352.149902,2098.000000,852.229980
20210208,136.910004,3322.939941,2092.909912,863.419983
20210209,136.009995,3305.000000,2083.510010,849.460022
20210210,135.389999,3286.580078,2095.379883,804.820007
20210211,135.130005,3262.129883,2095.889893,811.659973
20210212,135.369995,3277.709961,2104.110107,816.119995
20210216,133.190002,3268.949951,2121.899902,796.219971
20210217,130.839996,3308.639893,2128.310059,798.150024
20210218,129.710007,3328.229980,2117.199951,787.380005
20210219,129.869995,3249.899902,2101.139893,781.299988
20210222,126.000000,3180.739990,2064.879883,714.500000
20210223,125.860001,3194.500000,2070.860107,698.840027
20210224,125.349998,3159.530029,2095.169922,742.020020
20210225,120.989998,3057.159912,2031.359985,682.219971
20210226,121.260002,3092.929932,2036.859985,675.500000
20210301,127.790001,3146.139893,2081.510010,718.429993
20210302,125.120003,3094.530029,2075.840088,686.440002
20210303,122.059998,3005.000000,2026.709961,653.200012
20210304,120.129997,2977.570068,2049.090088,621.440002
20210305,121.419998,3000.459961,2108.540039,597.950012
20210308,116.360001,2951.949951,2024.170044,563.000000
20210309,121.089996,3062.850098,2052.699951,673.580017
20210310,119.980003,3057.639893,2055.030029,668.059998
20210311,121.959999,3113.590088,2114.770020,699.599976
20210312,121.029999,3089.489990,2061.919922,693.729980
20210315,123.989998,3081.679932,2066.489990,707.940002
20210316,125.570000,3091.860107,2092.520020,676.880005
20210317,124.760002,3135.729980,2091.080078,701.809998
20210318,120.529999,3027.989990,2036.219971,653.159973
20210319,119.989998,3074.959961,2043.199951,654.869995
20210322,123.389999,3110.870117,2038.589966,670.000000
20210323,122.540001,3137.500000,2052.959961,662.159973
20210324,120.089996,3087.070068,2045.060059,630.270020
20210325,120.589996,3046.260010,2044.359985,640.390015
20210326,121.209999,3052.030029,2035.550049,618.710022
20210329,121.389999,3075.729980,2055.949951,611.289978
20210330,119.900002,3055.290039,2055.540039,635.619995
20210331,122.150002,3094.080078,2068.629883,667.929993
20210401,123.000000,3161.000000,2137.750000,661.750000
20210405,125.900002,3226.729980,2225.550049,691.049988
20210406,126.209999,3223.820068,2224.750000,691.619995
20210407,127.900002,3279.389893,2249.679932,670.969971
20210408,130.360001,3299.300049,2265.439941,683.799988
20210409,133.000000,3372.199951,2285.879883,677.020020
20210412,131.240005,3379.389893,2254.790039,701.979980
20210413,134.429993,3400.000000,2267.270020,762.320007
20210414,132.029999,3333.000000,2254.840088,732.229980
20210415,134.500000,3379.090088,2296.659912,738.849976
20210416,134.160004,3399.439941,2297.760010,739.780029
20210419,134.839996,3372.010010,2302.399902,714.630005
20210420,133.110001,3334.689941,2293.629883,718.989990
20210421,133.500000,3362.020020,2293.290039,744.119995
20210422,131.940002,3309.040039,2267.919922,719.690002
20210423,134.320007,3340.879883,2315.300049,729.400024
20210426,134.720001,3409.000000,2326.739990,738.200012
20210427,134.389999,3417.429932,2307.120117,704.739990
20210428,133.580002,3458.500000,2379.909912,694.400024
20210429,133.479996,3471.310059,2429.889893,677.000000
20210430,131.460007,3467.419922,2410.120117,709.440002
20210503,132.539993,3386.489990,2395.169922,684.900024
20210504,127.849998,3311.870117,2354.250000,673.599976
20210505,128.100006,3270.540039,2356.739990,670.940002
20210506,129.740005,3306.370117,2381.350098,663.539978
20210507,130.210007,3291.610107,2398.689941,672.369995
20210510,126.849998,3190.489990,2341.659912,629.039978
20210511,125.910004,3223.909912,2308.760010,617.200012
20210512,122.769997,3151.939941,2239.080078,589.890015
20210513,124.970001,3161.469971,2261.969971,571.690002
20210514,127.449997,3222.899902,2316.159912,589.739990
20210517,126.269997,3270.389893,2321.409912,576.830017
20210518,124.849998,3232.280029,2303.429932,577.869995
20210519,124.690002,3231.800049,2308.709961,563.460022
20210520,127.309998,3247.679932,2356.090088,586.780029
20210521,125.430000,3203.080078,2345.100098,580.880005
20210524,127.099998,3244.989990,2406.669922,606.440002
20210525,126.900002,3259.050049,2409.070068,604.690002
20210526,126.849998,3265.159912,2433.530029,619.130005
20210527,125.279999,3230.110107,2402.510010,630.849976
20210528,124.610001,3223.070068,2411.560059,625.219971
20210601,124.279999,3218.649902,2429.810059,623.900024
20210602,125.059998,3233.989990,2421.280029,605.119995
20210603,123.540001,3187.010010,2404.610107,572.840027
20210604,125.889999,3206.219971,2451.760010,599.049988
20210607,125.900002,3198.010010,2466.090088,605.130005
20210608,126.739998,3264.110107,2482.850098,603.590027
20210609,127.129997,3281.149902,2491.399902,598.780029
20210610,126.110001,3349.649902,2521.600098,610.119995
20210611,127.349998,3346.830078,2513.929932,609.890015
20210614,130.479996,3383.870117,2527.040039,617.690002
20210615,129.639999,3383.129883,2520.659912,599.359985
20210616,130.149994,3415.250000,2513.929932,604.869995
20210617,131.789993,3489.239990,2527.419922,616.599976
20210618,130.460007,3486.899902,2511.350098,623.309998
20210621,132.300003,3453.959961,2529.100098,620.830017
20210622,133.979996,3505.439941,2539.989990,623.710022
20210623,133.699997,3503.820068,2529.229980,656.570007
20210624,133.410004,3449.080078,2545.639893,679.820007
20210625,133.110001,3401.459961,2539.899902,671.869995
20210628,134.779999,3443.889893,2536.389893,688.719971
20210629,136.330002,3448.139893,2520.370117,680.760010
20210630,136.960007,3440.159912,2506.320068,679.700012
20210701,137.270004,3432.969971,2527.370117,677.919983
20210702,139.960007,3510.979980,2574.379883,678.900024
20210706,142.020004,3675.739990,2595.419922,659.580017
20210707,144.570007,3696.580078,2601.550049,644.650024
20210708,143.240005,3731.409912,2583.540039,652.809998
20210709,145.110001,3719.340088,2591.489990,656.950012
20210712,144.500000,3718.550049,2611.280029,685.700012
20210713,145.639999,3677.360107,2619.889893,668.539978
20210714,149.149994,3681.679932,2641.649902,653.380005
20210715,148.479996,3631.199951,2625.330078,650.599976
20210716,146.389999,3573.629883,2636.909912,644.219971
20210719,142.449997,3549.590088,2585.080078,646.219971
20210720,146.149994,3573.189941,2622.030029,660.500000
20210721,145.399994,3585.199951,2652.010010,655.289978
20210722,146.800003,3638.030029,2666.570068,649.260010
20210723,148.559998,3656.639893,2756.320068,643.380005
20210726,148.990005,3699.820068,2792.889893,657.619995
20210727,146.770004,3626.389893,2735.929932,644.780029
20210728,144.979996,3630.320068,2727.629883,646.979980
20210729,145.639999,3599.919922,2730.810059,677.349976
20210730,145.860001,3327.590088,2704.419922,687.200012
20210802,145.520004,3331.479980,2719.790039,709.669983
20210803,147.360001,3366.239990,2725.600098,709.739990
20210804,146.949997,3354.719971,2720.570068,710.919983
20210805,147.059998,3375.989990,2738.800049,714.630005
20210806,146.139999,3344.939941,2740.719971,699.099976
20210809,146.089996,3341.870117,2760.040039,713.760010
20210810,145.600006,3320.679932,2761.929932,709.989990
20210811,145.860001,3292.110107,2753.790039,707.820007
20210812,148.889999,3303.500000,2767.790039,722.250000
20210813,149.100006,3293.969971,2768.120117,717.169983
20210816,151.119995,3298.989990,2778.320068,686.169983
20210817,150.190002,3241.959961,2746.010010,665.710022
20210818,146.360001,3201.219971,2731.399902,688.989990
20210819,146.699997,3187.750000,2738.270020,673.469971
20210820,148.190002,3199.949951,2768.739990,680.260010
20210823,149.710007,3265.870117,2821.989990,706.299988
20210824,149.619995,3305.780029,2847.969971,708.489990
20210825,148.360001,3299.179932,2859.000000,711.200012
20210826,147.539993,3316.000000,2842.459961,701.159973
20210827,148.600006,3349.629883,2891.010010,711.919983