Sequence,Date,Value1,Value2,Value3,Value4,Value5,Value6
2405,2021-09-01,00,00,00,00,00,00
2404,2021-08-28,19,35,01,40,47,54
2403,2021-08-25,32,12,14,34,33,10
2402,2021-08-21,60,29,06,30,25,22
2401,2021-08-18,08,38,13,33,11,48
2400,2021-08-14,09,26,36,25,21,53
2399,2021-08-12,52,42,35,27,51,44
2398,2021-08-10,36,59,17,30,08,54
2397,2021-08-07,06,14,48,46,20,39
2396,2021-08-04,03,25,02,49,42,39
2395,2021-07-31,44,11,04,45,57,12
2394,2021-07-28,42,44,05,25,36,16
2393,2021-07-24,32,28,38,51,27,26
2392,2021-07-21,53,34,25,15,23,11
2391,2021-07-17,05,08,13,27,50,36
2390,2021-07-14,20,13,09,56,32,22
2389,2021-07-10,39,30,16,51,37,40
2388,2021-07-07,08,37,45,48,33,30
2387,2021-07-03,38,26,30,08,31,48
2386,2021-07-01,35,13,11,50,49,16
2385,2021-06-29,32,12,43,37,24,60
2384,2021-06-26,25,26,09,13,22,31
2383,2021-06-23,41,16,40,20,15,13
2382,2021-06-19,53,06,19,09,38,55
2381,2021-06-16,47,41,32,07,23,42
2380,2021-06-12,53,39,11,16,20,24
2379,2021-06-09,26,32,56,02,08,46
2378,2021-06-05,37,49,41,54,11,38
2377,2021-06-02,35,05,44,18,43,29
2376,2021-05-29,22,12,17,18,19,14
2375,2021-05-26,58,06,46,53,44,02
2374,2021-05-22,25,37,39,13,41,12
2373,2021-05-19,44,26,23,49,60,24
2372,2021-05-15,19,25,44,46,03,57
2371,2021-05-12,30,48,36,04,39,15
2370,2021-05-08,56,31,37,07,44,42
2369,2021-05-06,60,09,19,04,17,37
2368,2021-05-04,13,07,36,25,58,04
2367,2021-04-30,29,05,23,34,53,60
2366,2021-04-28,33,41,38,27,04,35
2365,2021-04-24,44,50,17,28,37,01
2364,2021-04-22,42,56,33,20,51,44
2363,2021-04-17,34,06,58,39,14,24
2362,2021-04-14,35,22,32,20,50,03
2361,2021-04-10,46,21,35,29,14,22
2360,2021-04-08,15,21,24,45,29,10
2359,2021-04-06,39,42,43,51,31,32
2358,2021-04-03,05,43,16,11,09,57
2357,2021-03-31,28,34,51,19,40,30
2356,2021-03-27,51,36,03,58,10,25
2355,2021-03-24,31,07,30,41,56,50
2354,2021-03-20,18,54,25,06,30,42
2353,2021-03-17,19,03,34,53,48,41
2352,2021-03-13,17,55,09,41,38,49
2351,2021-03-10,35,49,19,22,47,41
2350,2021-03-06,45,28,34,29,25,41
2349,2021-03-03,54,25,05,10,49,32
2348,2021-02-27,02,03,51,48,54,07
2347,2021-02-24,17,58,09,60,30,08
2346,2021-02-20,04,58,03,40,11,42
2345,2021-02-17,16,22,07,55,19,28
2344,2021-02-13,38,11,52,57,17,25
2343,2021-02-10,56,49,31,04,45,42
2342,2021-02-06,20,24,17,27,40,60
2341,2021-02-03,09,46,04,32,31,42
2340,2021-01-30,49,41,16,51,28,21
2339,2021-01-28,04,48,59,29,47,18
2338,2021-01-26,21,08,34,47,42,23
2337,2021-01-23,02,51,49,09,34,55
2336,2021-01-20,20,27,50,08,10,28
2335,2021-01-16,18,42,49,47,09,23
2334,2021-01-13,22,04,20,25,13,60
2333,2021-01-09,41,53,55,09,16,31
2332,2021-01-06,12,33,44,52,35,36
2331,2021-01-02,53,16,11,57,13,36
2330,2020-12-31,22,35,17,41,20,42
2329,2020-12-19,42,28,45,14,12,55
2328,2020-12-16,11,08,39,14,48,53
2327,2020-12-12,54,45,30,57,37,58
2326,2020-12-10,27,36,34,16,57,10
2325,2020-12-08,33,37,60,34,46,52
2324,2020-12-05,31,02,43,19,60,16
2323,2020-12-02,35,27,39,20,50,59
2322,2020-11-28,05,10,02,29,34,41
2321,2020-11-25,41,43,25,28,14,46
2320,2020-11-21,30,06,35,48,39,42
2319,2020-11-18,17,25,06,35,49,40
2318,2020-11-14,54,58,52,28,44,60
2317,2020-11-11,35,48,30,33,03,08
2316,2020-11-07,49,11,56,43,52,02
2315,2020-11-04,10,17,01,26,30,53
2314,2020-10-31,28,06,07,42,45,49
2313,2020-10-28,45,03,58,26,20,49
2312,2020-10-24,60,39,03,46,47,27
2311,2020-10-22,60,09,35,43,05,03
2310,2020-10-20,13,42,17,28,53,29
2309,2020-10-17,33,60,11,29,09,30
2308,2020-10-14,26,09,58,38,60,13
2307,2020-10-10,38,53,46,55,33,16
2306,2020-10-07,28,58,19,03,57,33
2305,2020-10-03,57,55,38,07,16,22
2304,2020-09-30,12,54,57,21,29,56
2303,2020-09-26,17,50,48,20,03,07
2302,2020-09-23,44,43,25,18,27,22
2301,2020-09-19,18,36,47,52,35,17
2300,2020-09-17,37,39,21,09,54,43
2299,2020-09-15,03,40,19,60,02,44
2298,2020-09-12,13,21,49,41,17,31
2297,2020-09-09,20,22,41,59,35,40
2296,2020-09-05,29,06,36,59,21,01
2295,2020-09-02,28,06,41,26,35,13
2294,2020-08-29,09,43,20,41,33,15
2293,2020-08-26,01,48,42,10,02,37
2292,2020-08-22,18,57,06,33,42,16
2291,2020-08-19,37,31,26,12,36,49
2290,2020-08-15,60,36,05,57,44,18
2289,2020-08-13,06,34,37,38,45,09
2288,2020-08-11,35,39,02,26,56,40
2287,2020-08-08,29,04,02,41,06,56
2286,2020-08-05,42,43,41,09,21,30
2285,2020-08-01,12,10,33,07,42,01
2284,2020-07-29,46,36,12,10,04,14
2283,2020-07-25,24,04,37,43,59,60
2282,2020-07-22,30,52,12,27,36,45
2281,2020-07-18,35,40,14,55,50,27
2280,2020-07-16,50,28,58,29,59,31
2279,2020-07-14,28,12,20,05,27,14
2278,2020-07-11,34,17,37,43,08,45
2277,2020-07-08,23,10,53,60,22,37
2276,2020-07-04,49,27,05,18,57,15
2275,2020-07-01,25,50,02,53,04,36
2274,2020-06-27,08,55,40,11,33,17
2273,2020-06-24,58,15,20,16,38,40
2272,2020-06-20,05,41,11,49,24,02
2271,2020-06-17,06,10,41,52,27,28
2270,2020-06-13,41,16,48,14,38,39
2269,2020-06-10,55,14,23,29,11,01
2268,2020-06-06,04,30,52,23,13,28
2267,2020-06-03,48,49,53,20,32,33
2266,2020-05-30,23,37,59,10,58,31
2265,2020-05-27,50,20,46,23,14,39
2264,2020-05-23,29,19,08,02,37,03
2263,2020-05-20,43,49,57,33,09,24
2262,2020-05-16,07,30,46,23,08,14
2261,2020-05-13,23,26,51,27,29,07
2260,2020-05-09,37,12,14,34,35,47
2259,2020-05-07,54,56,58,20,27,41
2258,2020-05-05,26,07,01,23,14,05
2257,2020-05-02,18,30,21,31,34,51
2256,2020-04-29,09,37,30,10,54,47
2255,2020-04-25,20,15,57,49,39,41
2254,2020-04-22,47,04,24,44,56,09
2253,2020-04-18,32,39,55,33,52,31
2252,2020-04-15,46,50,01,17,37,30
2251,2020-04-11,58,22,26,15,54,05
2250,2020-04-08,39,52,27,57,58,33
2249,2020-04-04,04,49,09,31,47,53
2248,2020-04-01,20,09,42,29,30,15
2247,2020-03-28,42,53,47,01,44,48
2246,2020-03-25,09,33,46,24,27,05
2245,2020-03-21,33,11,14,34,15,18
2244,2020-03-18,11,05,42,03,34,37
2243,2020-03-14,14,38,28,18,35,54
2242,2020-03-12,24,42,18,05,25,09
2241,2020-03-10,56,18,26,13,01,40
2240,2020-03-07,25,09,07,10,58,19
2239,2020-03-04,27,39,07,31,46,45
2238,2020-02-29,57,36,11,58,55,45
2237,2020-02-27,60,27,28,20,53,11
2236,2020-02-22,07,53,43,20,45,38
2235,2020-02-19,14,55,35,30,18,57
2234,2020-02-15,47,29,42,04,27,21
2233,2020-02-12,45,35,06,41,04,32
2232,2020-02-08,31,34,38,47,07,08
2231,2020-02-05,04,13,53,40,25,57
2230,2020-02-01,39,17,56,60,26,07
2229,2020-01-29,06,41,40,29,58,11
2228,2020-01-25,19,45,39,09,23,32
2227,2020-01-23,09,06,27,32,12,57
2226,2020-01-21,02,07,38,30,04,16
2225,2020-01-18,01,37,47,44,46,32
2224,2020-01-15,23,50,58,32,52,16
2223,2020-01-11,49,26,02,56,40,42
2222,2020-01-08,14,48,30,29,59,13
2221,2020-01-04,23,34,45,57,05,56
2220,2019-12-31,38,58,35,03,40,57
2219,2019-12-21,57,59,45,08,28,36
2218,2019-12-19,16,06,38,22,52,48
2217,2019-12-17,16,32,36,30,14,10
2216,2019-12-14,24,42,48,10,43,49
2215,2019-12-11,21,23,43,01,19,33
2214,2019-12-07,18,30,04,10,34,47
2213,2019-12-04,07,05,10,60,32,46
2212,2019-11-30,51,58,53,52,26,23
2211,2019-11-27,27,44,36,54,41,40
2210,2019-11-23,11,33,34,25,24,17
2209,2019-11-20,32,22,47,28,33,25
2208,2019-11-16,30,45,16,49,25,40
2207,2019-11-13,43,11,06,55,53,10
2206,2019-11-09,42,38,45,06,27,57
2205,2019-11-06,21,42,12,57,37,28
2204,2019-11-04,32,56,29,28,01,35
2203,2019-10-30,34,46,57,50,17,49
2202,2019-10-26,43,60,37,38,29,11
2201,2019-10-24,13,49,03,41,53,23
2200,2019-10-22,28,55,36,43,11,15
2199,2019-10-19,38,23,30,44,35,15
2198,2019-10-16,56,11,34,44,36,01
2197,2019-10-14,29,11,03,35,44,57
2196,2019-10-09,56,28,27,01,41,25
2195,2019-10-05,24,32,38,53,46,14
2194,2019-10-02,16,08,20,21,34,31
2193,2019-09-28,08,07,42,27,29,22
2192,2019-09-26,57,53,07,59,16,37
2191,2019-09-24,33,46,26,04,53,08
2190,2019-09-21,53,35,25,09,05,20
2189,2019-09-18,33,29,11,04,16,22
2188,2019-09-14,60,51,21,28,02,17
2187,2019-09-11,16,21,50,10,46,11
2186,2019-09-09,27,19,12,41,18,46
2185,2019-09-04,19,42,18,47,22,09
2184,2019-08-31,51,15,52,36,59,45
2183,2019-08-28,51,13,43,30,34,26
2182,2019-08-24,59,47,46,19,39,22
2181,2019-08-21,08,01,19,48,36,33
2180,2019-08-17,16,12,10,21,28,38
2179,2019-08-14,24,02,35,54,50,13
2178,2019-08-10,16,21,42,02,50,56
2177,2019-08-08,14,09,48,11,31,51
2176,2019-08-06,23,08,25,43,39,44
2175,2019-08-03,55,53,07,32,43,25
2174,2019-07-31,36,10,34,15,60,56
2173,2019-07-27,09,48,44,42,02,50
2172,2019-07-24,09,57,43,37,28,24
2171,2019-07-20,19,12,13,36,55,44
2170,2019-07-17,36,21,51,10,24,38
2169,2019-07-13,45,07,34,59,51,54
2168,2019-07-11,37,25,29,04,01,27
2167,2019-07-09,37,45,38,43,54,27
2166,2019-07-06,44,03,34,56,19,58
2165,2019-07-03,56,49,54,43,05,37
2164,2019-06-29,48,17,58,47,16,25
2163,2019-06-26,45,20,24,36,18,08
2162,2019-06-22,11,30,42,34,16,22
2161,2019-06-19,24,10,08,44,09,42
2160,2019-06-15,53,49,01,46,47,19
2159,2019-06-12,53,35,38,14,45,26
2158,2019-06-08,09,27,46,59,35,45
2157,2019-06-05,34,48,31,39,33,35
2156,2019-06-01,49,39,23,06,26,01
2155,2019-05-29,37,44,02,27,06,47
2154,2019-05-25,53,41,47,50,07,25
2153,2019-05-22,13,28,31,08,33,32
2152,2019-05-18,49,36,29,26,59,50
2151,2019-05-15,36,38,02,29,14,18
2150,2019-05-11,38,24,23,26,42,49
2149,2019-05-08,21,48,46,23,44,37
2148,2019-05-04,59,33,08,58,32,15
2147,2019-05-02,49,42,17,19,37,41
2146,2019-04-27,39,42,16,18,44,31
2145,2019-04-24,06,59,28,08,51,53
2144,2019-04-20,21,33,55,16,07,60
2143,2019-04-17,12,58,35,51,02,57
2142,2019-04-13,44,50,52,57,07,40
2141,2019-04-10,10,19,11,37,41,17
2140,2019-04-06,20,54,36,17,42,26
2139,2019-04-03,58,29,23,41,14,57
2138,2019-03-30,30,34,04,21,13,14
2137,2019-03-27,02,01,49,11,12,34
2136,2019-03-23,35,22,11,01,30,08
2135,2019-03-20,23,48,59,28,40,09
2134,2019-03-16,54,06,46,21,59,34
2133,2019-03-13,26,20,19,51,52,57
2132,2019-03-09,05,60,18,39,35,30
2131,2019-03-06,28,18,20,06,02,03
2130,2019-03-02,13,53,16,36,55,54
2129,2019-02-28,60,46,12,06,32,31
2128,2019-02-26,24,55,46,16,11,54
2127,2019-02-23,07,46,28,30,44,01
2126,2019-02-20,58,39,27,07,24,12
2125,2019-02-16,44,01,31,53,46,58
2124,2019-02-13,31,20,47,43,02,11
2123,2019-02-09,47,59,14,56,50,15
2122,2019-02-06,27,21,03,11,15,49
2121,2019-02-02,37,08,17,29,10,40
2120,2019-01-30,38,41,20,24,25,13
2119,2019-01-26,42,49,26,31,19,21
2118,2019-01-23,41,11,12,46,20,40
2117,2019-01-19,28,43,04,29,52,30
2116,2019-01-17,21,19,01,09,34,54
2115,2019-01-15,19,40,35,44,27,04
2114,2019-01-12,35,17,30,25,42,57
2113,2019-01-09,11,21,46,14,25,50
2112,2019-01-05,17,46,43,53,52,39
2111,2019-01-02,54,41,01,46,58,44
2110,2018-12-31,25,33,10,12,18,05
2109,2018-12-20,04,16,44,49,12,34
2108,2018-12-18,44,59,29,19,41,22
2107,2018-12-15,50,44,60,38,56,08
2106,2018-12-12,27,03,39,40,36,43
2105,2018-12-08,16,46,13,11,24,31
2104,2018-12-06,12,45,10,56,02,27
2103,2018-12-04,13,40,50,46,03,44
2102,2018-12-01,06,04,17,57,34,51
2101,2018-11-28,58,56,18,08,02,37
2100,2018-11-24,01,35,13,11,10,49
2099,2018-11-21,30,15,05,58,20,27
2098,2018-11-17,02,38,27,60,18,08
2097,2018-11-14,51,28,24,49,09,45
2096,2018-11-10,11,51,06,24,13,19
2095,2018-11-07,49,29,56,43,35,16
2094,2018-11-03,04,33,16,44,19,31
2093,2018-10-31,54,34,52,08,14,27
2092,2018-10-27,13,17,27,11,15,22
2091,2018-10-25,12,11,10,59,38,37
2090,2018-10-23,11,08,18,40,37,51
2089,2018-10-20,38,48,05,49,10,32
2088,2018-10-17,24,03,27,38,14,56
2087,2018-10-13,19,18,53,34,02,23
2086,2018-10-10,04,53,35,43,47,46
2085,2018-10-06,25,49,12,21,38,37
2084,2018-10-03,20,37,26,07,39,38
2083,2018-09-29,56,33,01,19,18,60
2082,2018-09-26,25,33,42,49,06,48
2081,2018-09-22,40,42,13,18,35,41
2080,2018-09-20,58,55,46,22,40,10
2079,2018-09-18,55,37,58,14,02,01
2078,2018-09-15,30,36,02,11,39,15
2077,2018-09-12,37,13,16,26,39,35
2076,2018-09-08,06,15,43,05,12,22
2075,2018-09-05,07,09,23,33,57,59
2074,2018-09-01,42,08,18,37,58,23
2073,2018-08-29,55,12,15,30,52,18
2072,2018-08-25,22,13,10,20,12,54
2071,2018-08-22,35,46,34,60,24,33
2070,2018-08-18,05,26,42,27,48,34
2069,2018-08-16,40,03,48,17,34,35
2068,2018-08-14,05,47,40,09,42,03
2067,2018-08-11,59,02,11,32,26,13
2066,2018-08-08,27,55,35,06,25,45
2065,2018-08-04,04,11,43,20,30,37
2064,2018-08-01,55,53,14,10,36,60
2063,2018-07-28,10,19,29,24,06,25
2062,2018-07-25,08,15,34,25,10,23
2061,2018-07-21,33,45,44,40,36,54
2060,2018-07-18,11,39,41,09,25,08
2059,2018-07-14,05,04,36,56,40,44
2058,2018-07-11,19,04,23,29,59,56
2057,2018-07-07,37,38,20,13,10,54
2056,2018-07-05,29,47,22,36,34,18
2055,2018-07-03,53,43,46,25,35,06
2054,2018-06-30,39,04,07,12,26,22
2053,2018-06-27,12,27,40,37,22,55
2052,2018-06-23,57,50,56,51,58,59
2051,2018-06-20,37,05,44,01,53,06
2050,2018-06-16,33,50,38,32,08,31
2049,2018-06-13,19,10,27,31,51,53
2048,2018-06-09,10,39,38,35,26,19
2047,2018-06-06,18,19,44,54,01,29
2046,2018-06-02,27,11,06,28,46,03
2045,2018-05-30,27,46,15,25,50,45
2044,2018-05-26,14,07,60,54,47,56
2043,2018-05-23,53,58,21,38,57,56
2042,2018-05-19,33,32,22,29,35,14
2041,2018-05-16,10,12,54,42,22,25
2040,2018-05-12,56,58,54,06,41,09
2039,2018-05-10,28,22,06,31,44,12
2038,2018-05-08,26,35,40,25,06,38
2037,2018-05-05,60,30,14,45,23,16
2036,2018-05-02,23,58,08,19,27,07
2035,2018-04-28,52,35,49,30,38,36
2034,2018-04-25,07,56,22,13,06,17
2033,2018-04-20,40,10,18,33,38,43
2032,2018-04-17,19,39,20,53,14,06
2031,2018-04-14,23,39,18,55,50,37
2030,2018-04-11,38,04,58,40,27,59
2029,2018-04-07,15,37,18,33,40,06
2028,2018-04-04,07,42,58,36,24,11
2027,2018-03-31,11,15,39,37,29,44
2026,2018-03-28,51,33,23,52,31,10
2025,2018-03-24,52,56,04,24,46,55
2024,2018-03-21,29,16,20,35,47,23
2023,2018-03-17,23,56,08,07,01,06
2022,2018-03-14,28,60,52,45,04,48
2021,2018-03-10,32,37,40,60,07,14
2020,2018-03-07,02,46,57,60,48,36
2019,2018-03-03,41,46,54,59,23,52
2018,2018-02-28,55,11,27,22,25,59
2017,2018-02-24,56,10,11,02,38,24
2016,2018-02-21,11,17,48,18,04,21
2015,2018-02-17,18,58,32,39,27,17
2014,2018-02-14,46,32,16,56,40,53
2013,2018-02-10,06,36,53,30,56,23
2012,2018-02-08,11,51,36,08,35,27
2011,2018-02-06,28,35,58,54,02,32
2010,2018-02-03,18,56,08,34,39,10
2009,2018-01-31,01,48,50,44,37,46
2008,2018-01-27,27,22,58,33,59,42
2007,2018-01-24,41,14,54,04,39,58
2006,2018-01-20,20,09,01,14,54,25
2005,2018-01-17,22,19,33,11,53,34
2004,2018-01-13,45,35,01,23,05,14
2003,2018-01-10,40,50,43,28,51,34
2002,2018-01-06,59,46,28,38,04,30
2001,2018-01-03,22,20,52,60,42,36
2000,2017-12-31,06,37,34,10,03,17
1999,2017-12-21,42,38,49,15,50,37
1998,2017-12-19,57,21,24,52,25,08
1997,2017-12-16,14,07,35,01,31,46
1996,2017-12-13,56,21,20,07,40,24
1995,2017-12-09,14,37,39,26,35,29
1994,2017-12-06,44,05,32,02,12,40
1993,2017-12-02,50,57,48,17,06,33
1992,2017-11-29,21,11,13,53,54,05
1991,2017-11-25,19,34,44,36,20,28
1990,2017-11-22,37,26,11,24,59,34
1989,2017-11-18,40,58,30,32,15,22
1988,2017-11-16,05,39,10,54,46,42
1987,2017-11-11,10,58,14,45,31,34
1986,2017-11-09,55,23,44,43,36,56
1985,2017-11-07,09,36,29,28,34,55
1984,2017-11-04,43,32,21,50,35,29
1983,2017-11-01,14,22,06,05,10,36
1982,2017-10-28,46,24,20,04,50,14
1981,2017-10-25,15,06,39,19,37,53
1980,2017-10-21,18,16,12,34,37,17
1979,2017-10-19,38,23,45,32,29,22
1978,2017-10-17,06,02,57,22,55,44
1977,2017-10-14,28,03,32,34,37,16
1976,2017-10-11,52,14,19,12,59,25
1975,2017-10-07,08,24,47,26,11,57
1974,2017-10-04,19,57,38,54,04,27
1973,2017-09-30,17,16,60,12,52,01
1972,2017-09-27,20,09,59,54,16,57
1971,2017-09-23,54,10,52,41,44,04
1970,2017-09-21,10,18,24,05,39,52
1969,2017-09-19,30,59,20,32,08,48
1968,2017-09-16,35,48,44,39,36,52
1967,2017-09-13,32,39,13,54,30,46
1966,2017-09-09,19,10,32,60,13,40
1965,2017-09-06,28,26,55,38,48,35
1964,2017-09-02,32,27,48,36,02,50
1963,2017-08-30,34,60,05,04,07,42
1962,2017-08-26,39,05,06,53,15,25
1961,2017-08-23,50,30,25,17,32,26
1960,2017-08-19,43,39,18,25,37,01
1959,2017-08-16,56,43,21,08,27,35
1958,2017-08-12,55,34,22,20,24,15
1957,2017-08-10,23,47,29,02,14,22
1956,2017-08-08,20,40,28,05,08,45
1955,2017-08-05,15,41,45,33,36,27
1954,2017-08-02,40,09,49,25,35,33
1953,2017-07-29,45,29,42,09,43,26
1952,2017-07-26,09,21,53,36,52,38
1951,2017-07-22,55,14,16,21,33,19
1950,2017-07-19,32,21,10,48,34,57
1949,2017-07-15,30,01,14,56,22,06
1948,2017-07-12,28,33,20,24,57,12
1947,2017-07-08,52,59,55,40,08,33
1946,2017-07-06,06,39,04,44,52,60
1945,2017-07-04,08,54,21,10,45,04
1944,2017-07-01,08,57,47,39,09,59
1943,2017-06-28,43,11,39,09,30,12
1942,2017-06-24,48,20,43,18,06,24
1941,2017-06-21,38,01,09,48,49,24
1940,2017-06-17,36,16,09,47,13,17
1939,2017-06-14,39,29,24,52,07,45
1938,2017-06-10,10,54,42,16,40,32
1937,2017-06-07,10,29,24,43,06,55
1936,2017-06-03,51,40,52,24,12,03
1935,2017-05-31,24,17,10,01,03,23
1934,2017-05-27,56,39,35,08,23,59
1933,2017-05-24,15,19,35,59,14,02
1932,2017-05-20,55,21,16,44,29,10
1931,2017-05-17,34,08,02,15,09,22
1930,2017-05-13,17,56,37,52,18,04
1929,2017-05-11,10,52,23,36,03,43
1928,2017-05-09,28,51,59,26,53,10
1927,2017-05-06,11,05,30,31,13,19
1926,2017-05-03,46,03,02,30,14,20
1925,2017-04-29,47,43,38,01,17,45
1924,2017-04-26,16,52,53,58,30,12
1923,2017-04-22,46,34,59,45,09,42
1922,2017-04-19,20,41,22,36,43,38
1921,2017-04-15,19,10,16,15,28,35
1920,2017-04-12,39,45,31,25,43,33
1919,2017-04-08,60,28,54,37,45,11
1918,2017-04-05,22,17,50,38,20,16
1917,2017-04-01,04,36,25,21,46,33
1916,2017-03-29,03,50,18,23,09,52
1915,2017-03-25,57,21,02,33,20,48
1914,2017-03-22,39,33,29,16,44,42
1913,2017-03-18,14,56,52,17,04,43
1912,2017-03-15,42,10,33,36,13,35
1911,2017-03-11,32,16,33,23,18,30
1910,2017-03-08,09,06,39,15,22,48
1909,2017-03-04,47,43,45,40,57,11
1908,2017-03-01,10,27,57,13,23,04
1907,2017-02-25,03,48,44,35,25,38
1906,2017-02-23,27,40,33,06,39,60
1905,2017-02-21,43,54,29,57,35,56
1904,2017-02-18,21,18,56,15,51,12
1903,2017-02-15,09,43,10,15,45,28
1902,2017-02-11,25,18,02,21,09,07
1901,2017-02-08,30,53,26,11,37,12
1900,2017-02-04,46,11,08,43,28,27
1899,2017-02-01,48,35,44,23,36,20
1898,2017-01-28,53,12,58,55,34,45
1897,2017-01-25,52,09,58,47,22,25
1896,2017-01-21,25,06,14,21,03,15
1895,2017-01-18,03,05,02,34,10,15
1894,2017-01-14,31,35,57,54,21,53
1893,2017-01-11,17,58,45,19,28,16
1892,2017-01-07,50,22,06,37,30,17
1891,2017-01-04,47,01,03,19,23,58
1890,2016-12-31,05,24,51,22,11,53
1889,2016-12-24,30,25,23,44,28,16
1888,2016-12-22,48,01,18,45,17,10
1887,2016-12-20,23,56,41,46,34,11
1886,2016-12-17,07,40,54,15,03,45
1885,2016-12-14,59,07,18,23,32,14
1884,2016-12-10,38,01,32,04,23,59
1883,2016-12-07,28,59,16,47,27,60
1882,2016-12-03,41,35,37,10,19,09
1881,2016-11-30,30,10,53,44,03,56
1880,2016-11-26,19,51,56,16,05,37
1879,2016-11-23,20,58,10,59,57,05
1878,2016-11-19,56,26,40,16,57,12
1877,2016-11-16,35,13,32,16,24,23
1876,2016-11-12,07,18,51,41,44,39
1875,2016-11-10,53,45,47,01,52,55
1874,2016-11-08,43,28,10,37,47,44
1873,2016-11-05,25,05,53,28,41,54
1872,2016-11-03,39,11,56,46,13,25
1871,2016-10-29,17,58,33,52,11,03
1870,2016-10-26,30,40,33,18,20,32
1869,2016-10-22,11,26,24,52,40,23
1868,2016-10-20,25,05,31,01,28,23
1867,2016-10-18,03,43,21,17,22,10
1866,2016-10-15,14,36,60,38,17,44
1865,2016-10-13,42,05,32,37,01,31
1864,2016-10-08,05,04,37,40,60,14
1863,2016-10-05,23,45,16,58,59,56
1862,2016-10-01,08,49,35,42,56,02
1861,2016-09-28,45,09,60,02,35,04
1860,2016-09-24,10,40,30,44,36,60
1859,2016-09-22,13,26,01,21,14,51
1858,2016-09-20,55,30,28,59,33,22
1857,2016-09-17,53,35,52,25,23,13
1856,2016-09-14,14,09,02,32,22,37
1855,2016-09-10,06,38,24,39,15,10
1854,2016-09-08,59,30,43,31,34,25
1853,2016-09-03,02,41,39,01,34,45
1852,2016-08-31,29,13,49,50,45,17
1851,2016-08-27,35,22,08,37,21,18
1850,2016-08-24,24,32,23,40,41,38
1849,2016-08-20,35,27,03,11,44,05
1848,2016-08-17,58,41,50,40,09,55
1847,2016-08-13,45,01,57,49,50,06
1846,2016-08-11,49,26,30,34,24,06
1845,2016-08-09,09,03,29,13,30,51
1844,2016-08-06,04,03,37,39,48,50
1843,2016-08-03,28,26,33,41,08,54
1842,2016-07-30,18,43,22,24,16,34
1841,2016-07-27,06,51,13,38,49,03
1840,2016-07-23,33,41,48,15,17,47
1839,2016-07-20,28,32,22,56,58,07
1838,2016-07-16,59,24,30,08,57,05
1837,2016-07-14,41,48,57,50,44,54
1836,2016-07-12,59,18,45,60,08,15
1835,2016-07-09,50,36,08,28,47,58
1834,2016-07-06,02,22,51,24,48,17
1833,2016-07-02,02,42,03,27,16,07
1832,2016-06-29,34,47,57,56,14,46
1831,2016-06-25,55,15,48,32,28,27
1830,2016-06-22,29,03,54,07,37,60
1829,2016-06-18,53,32,30,07,24,13
1828,2016-06-15,40,32,11,06,59,48
1827,2016-06-11,43,33,53,26,54,42
1826,2016-06-09,43,48,32,19,17,51
1825,2016-06-07,21,54,10,50,51,11
1824,2016-06-04,19,30,60,12,06,05
1823,2016-06-01,54,34,59,21,09,04
1822,2016-05-28,22,53,26,01,43,50
1821,2016-05-25,53,31,19,52,36,22
1820,2016-05-21,27,19,23,03,45,40
1819,2016-05-18,37,26,18,30,33,17
1818,2016-05-14,10,53,15,02,06,56
1817,2016-05-11,47,01,26,55,39,04
1816,2016-05-07,12,10,46,28,22,05
1815,2016-05-05,60,08,25,39,41,11
1814,2016-05-03,53,51,27,11,46,09
1813,2016-04-30,51,09,13,15,19,11
1812,2016-04-27,45,34,23,20,37,32
1811,2016-04-23,32,37,05,35,17,57
1810,2016-04-20,56,10,43,50,01,25
1809,2016-04-16,23,12,54,46,09,24
1808,2016-04-13,20,25,45,02,41,14
1807,2016-04-09,43,15,22,01,16,25
1806,2016-04-06,11,42,55,58,35,20
1805,2016-04-02,17,49,27,22,57,31
1804,2016-03-30,20,50,48,59,28,21
1803,2016-03-26,04,29,08,49,38,50
1802,2016-03-23,06,14,02,17,44,13
1801,2016-03-19,19,45,43,06,54,34
1800,2016-03-16,31,56,16,06,11,19
1799,2016-03-12,53,01,03,04,51,39
1798,2016-03-10,09,28,45,02,23,53
1797,2016-03-08,02,57,35,13,54,14
1796,2016-03-05,54,22,48,34,23,53
1795,2016-03-02,55,50,42,58,47,30
1794,2016-02-27,01,05,37,60,34,40
1793,2016-02-24,56,13,22,54,14,58
1792,2016-02-20,47,41,18,17,02,16
1791,2016-02-17,55,12,50,18,53,46
1790,2016-02-13,28,13,11,26,50,27
1789,2016-02-10,57,59,06,25,43,58
1788,2016-02-06,42,45,56,13,03,59
1787,2016-02-04,01,29,13,25,05,26
1786,2016-02-02,34,08,02,21,25,06
1785,2016-01-30,27,05,42,54,41,11
1784,2016-01-27,30,15,54,55,26,04
1783,2016-01-23,38,16,21,04,18,06
1782,2016-01-20,34,57,47,18,06,52
1781,2016-01-16,22,08,52,01,53,49
1780,2016-01-14,20,06,33,22,31,34
1779,2016-01-12,25,56,30,12,39,57
1778,2016-01-09,04,38,48,10,45,40
1777,2016-01-06,55,04,44,38,19,52
1776,2016-01-02,39,11,48,14,19,10
1775,2015-12-31,31,02,51,42,18,56
1774,2015-12-26,01,52,30,60,20,12
1773,2015-12-24,45,41,39,30,15,59
1772,2015-12-22,27,39,19,41,12,45
1771,2015-12-19,38,02,27,28,32,20
1770,2015-12-16,34,30,41,11,27,26
1769,2015-12-12,32,44,54,60,47,37
1768,2015-12-09,35,11,07,50,34,05
1767,2015-12-05,44,26,39,35,16,45
1766,2015-12-02,60,23,22,46,53,41
1765,2015-11-28,01,28,56,37,06,58
1764,2015-11-25,06,07,41,39,29,55
1763,2015-11-21,21,09,15,36,12,31
1762,2015-11-18,45,59,42,55,32,26
1761,2015-11-14,53,36,10,09,50,55
1760,2015-11-13,25,10,24,47,48,36
1759,2015-11-10,02,14,21,60,22,51
1758,2015-11-07,06,23,16,11,42,36
1757,2015-11-04,43,13,28,56,37,25
1756,2015-10-31,28,13,06,14,45,35
1755,2015-10-28,48,05,30,18,08,02
1754,2015-10-24,20,31,40,30,27,53
1753,2015-10-21,54,08,45,29,35,15
1752,2015-10-17,36,53,55,37,60,09
1751,2015-10-15,42,22,51,23,57,15
1750,2015-10-13,17,41,48,15,20,31
1749,2015-10-10,33,13,14,03,43,29
1748,2015-10-07,02,53,13,49,10,41
1747,2015-10-03,53,34,59,33,48,06
1746,2015-09-30,37,40,06,58,41,18
1745,2015-09-26,13,47,60,18,52,09
1744,2015-09-23,12,09,56,29,14,42
1743,2015-09-19,34,31,29,04,10,35
1742,2015-09-16,23,27,21,19,52,11
1741,2015-09-12,49,18,20,32,15,48
1740,2015-09-09,38,15,47,25,10,53
1739,2015-09-05,34,17,09,46,10,32
1738,2015-09-02,53,46,28,48,37,12
1737,2015-08-29,59,05,51,42,50,08
1736,2015-08-26,13,32,12,41,24,29
1735,2015-08-22,46,16,33,45,34,06
1734,2015-08-19,52,29,17,41,12,25
1733,2015-08-15,05,09,41,14,03,46
1732,2015-08-12,25,60,34,53,45,38
1731,2015-08-08,59,49,43,05,27,18
1730,2015-08-06,01,24,10,17,42,51
1729,2015-08-04,53,14,44,07,23,43
1728,2015-08-01,28,39,08,59,42,03
1727,2015-07-29,04,06,41,40,19,20
1726,2015-07-25,42,54,57,03,49,10
1725,2015-07-22,26,31,30,18,16,34
1724,2015-07-18,27,39,37,58,60,33
1723,2015-07-15,27,60,30,14,46,52
1722,2015-07-11,41,39,09,49,23,58
1721,2015-07-09,12,33,04,38,36,19
1720,2015-07-07,49,39,18,31,57,23
1719,2015-07-04,44,22,31,54,34,01
1718,2015-07-01,30,53,04,31,47,32
1717,2015-06-27,09,58,16,44,02,37
1716,2015-06-24,25,36,02,53,42,41
1715,2015-06-20,20,16,35,40,60,53
1714,2015-06-17,51,02,24,52,36,08
1713,2015-06-13,03,29,10,16,23,27
1712,2015-06-10,50,19,59,02,29,12
1711,2015-06-06,38,22,50,45,26,39
1710,2015-06-03,59,56,07,28,21,58
1709,2015-05-30,30,07,47,35,19,42
1708,2015-05-27,38,50,29,45,17,32
1707,2015-05-23,36,27,20,07,16,52
1706,2015-05-20,12,31,34,48,36,56
1705,2015-05-16,50,37,51,27,29,25
1704,2015-05-13,11,07,59,51,32,01
1703,2015-05-09,49,03,35,39,23,26
1702,2015-05-07,39,52,17,35,19,33
1701,2015-05-05,09,03,18,40,32,56
1700,2015-05-02,58,41,48,50,15,18
1699,2015-04-29,01,10,30,33,38,06
1698,2015-04-25,24,44,28,13,45,11
1697,2015-04-22,08,30,23,51,53,58
1696,2015-04-18,12,01,31,37,17,46
1695,2015-04-15,36,43,38,24,58,44
1694,2015-04-11,34,29,20,37,57,45
1693,2015-04-08,19,18,38,05,21,15
1692,2015-04-04,44,56,13,14,27,11
1691,2015-04-01,39,45,58,10,01,24
1690,2015-03-28,24,45,53,35,26,21
1689,2015-03-25,41,02,53,05,13,27
1688,2015-03-21,18,23,42,56,32,30
1687,2015-03-18,15,58,24,37,46,49
1686,2015-03-14,44,37,09,55,14,46
1685,2015-03-11,39,46,18,51,31,03
1684,2015-03-07,09,12,31,50,18,39
1683,2015-03-04,48,04,12,34,32,33
1682,2015-02-28,13,39,51,37,35,07
1681,2015-02-25,01,33,08,11,06,50
1680,2015-02-21,37,46,47,51,23,38
1679,2015-02-18,28,02,01,46,27,47
1678,2015-02-14,35,52,17,19,09,11
1677,2015-02-11,52,33,15,28,51,10
1676,2015-02-07,02,01,37,51,48,11
1675,2015-02-04,36,03,35,56,18,34
1674,2015-01-31,42,59,30,58,50,22
1673,2015-01-28,35,10,47,05,24,23
1672,2015-01-24,20,10,01,05,42,03
1671,2015-01-21,21,31,56,55,45,27
1670,2015-01-17,01,33,30,17,47,19
1669,2015-01-14,29,28,31,48,45,49
1668,2015-01-10,47,40,55,57,52,05
1667,2015-01-07,51,24,56,07,12,44
1666,2015-01-03,51,27,01,23,45,02
1665,2014-12-31,20,11,16,01,56,05
1664,2014-12-24,48,08,21,36,23,29
1663,2014-12-20,20,27,49,40,55,18
1662,2014-12-17,57,10,25,14,33,29
1661,2014-12-13,16,48,43,27,58,13
1660,2014-12-10,17,38,42,51,34,08
1659,2014-12-06,20,33,37,49,04,10
1658,2014-12-03,07,40,19,49,11,23
1657,2014-11-29,10,54,37,45,14,07
1656,2014-11-26,06,04,43,54,56,11
1655,2014-11-22,56,46,07,24,28,53
1654,2014-11-19,50,33,42,07,58,16
1653,2014-11-14,45,22,27,21,01,32
1652,2014-11-12,44,28,24,57,07,26
1651,2014-11-08,27,44,08,35,38,41
1650,2014-11-05,23,57,29,17,60,38
1649,2014-11-01,54,33,24,44,38,42
1648,2014-10-29,48,18,15,22,20,16
1647,2014-10-25,38,54,23,12,17,53
1646,2014-10-22,34,23,41,19,40,58
1645,2014-10-18,31,37,21,38,08,18
1644,2014-10-15,10,16,34,13,60,22
1643,2014-10-11,19,20,16,60,28,37
1642,2014-10-08,47,03,43,42,60,23
1641,2014-10-04,51,30,29,33,46,23
1640,2014-10-01,06,18,46,23,31,02
1639,2014-09-27,35,51,34,49,16,29
1638,2014-09-24,38,02,42,58,41,01
1637,2014-09-20,05,56,24,55,01,47
1636,2014-09-17,33,19,52,51,35,26
1635,2014-09-13,30,32,51,08,28,23
1634,2014-09-10,44,09,33,10,23,51
1633,2014-09-06,02,11,49,13,36,01
1632,2014-09-03,18,56,27,06,24,59
1631,2014-08-30,47,48,44,60,04,29
1630,2014-08-27,30,43,07,44,01,54
1629,2014-08-23,47,20,35,04,59,24
1628,2014-08-20,38,26,60,34,29,50
1627,2014-08-16,26,57,20,32,45,41
1626,2014-08-13,03,52,05,43,35,14
1625,2014-08-09,45,11,22,52,36,40
1624,2014-08-07,32,02,27,47,58,41
1623,2014-08-05,33,56,59,43,50,49
1622,2014-08-02,21,07,05,53,45,04
1621,2014-07-30,24,22,38,49,10,39
1620,2014-07-26,57,23,38,13,34,27
1619,2014-07-23,46,17,05,42,47,08
1618,2014-07-19,09,51,20,24,52,43
1617,2014-07-16,23,31,47,54,03,26
1616,2014-07-12,46,40,58,31,28,42
1615,2014-07-09,26,20,05,44,33,31
1614,2014-07-05,49,27,43,17,14,21
1613,2014-07-02,31,18,04,46,44,49
1612,2014-06-28,17,51,36,06,42,13
1611,2014-06-25,24,51,50,28,58,47
1610,2014-06-21,36,53,35,09,01,04
1609,2014-06-18,02,26,06,13,53,60
1608,2014-06-14,06,43,17,05,54,59
1607,2014-06-11,32,41,51,07,31,52
1606,2014-06-07,54,01,15,37,46,42
1605,2014-06-04,42,30,09,19,31,21
1604,2014-05-31,21,40,51,27,24,02
1603,2014-05-28,13,53,20,31,60,27
1602,2014-05-24,08,44,40,35,22,12
1601,2014-05-21,60,24,56,45,10,08
1600,2014-05-17,09,46,23,32,35,57
1599,2014-05-14,35,10,15,58,36,03
1598,2014-05-10,36,47,42,29,53,31
1597,2014-05-07,16,52,05,44,10,50
1596,2014-05-03,05,12,01,07,45,10
1595,2014-04-30,59,05,42,08,46,02
1594,2014-04-26,53,43,23,06,07,08
1593,2014-04-23,04,17,38,09,18,21
1592,2014-04-19,41,49,36,42,31,38
1591,2014-04-16,04,23,55,10,38,33
1590,2014-04-12,40,07,44,55,34,20
1589,2014-04-09,11,41,51,05,19,04
1588,2014-04-05,36,29,23,49,32,45
1587,2014-04-02,08,21,19,30,52,56
1586,2014-03-29,47,58,08,43,39,46
1585,2014-03-26,55,47,43,48,49,02
1584,2014-03-22,27,54,28,50,22,03
1583,2014-03-19,18,02,09,47,17,45
1582,2014-03-15,04,17,01,48,13,38
1581,2014-03-12,31,34,15,14,25,30
1580,2014-03-08,01,06,14,17,33,36
1579,2014-03-05,34,25,40,51,60,49
1578,2014-03-01,06,53,56,30,37,03
1577,2014-02-26,25,32,11,59,51,14
1576,2014-02-22,26,30,21,15,13,46
1575,2014-02-19,01,05,04,45,14,56
1574,2014-02-15,06,28,33,48,46,27
1573,2014-02-12,07,16,36,35,38,21
1572,2014-02-08,46,42,27,45,20,47
1571,2014-02-05,46,60,55,32,03,29
1570,2014-02-01,18,46,42,15,56,24
1569,2014-01-29,42,15,18,31,05,53
1568,2014-01-25,28,58,19,24,42,25
1567,2014-01-22,53,38,30,02,15,48
1566,2014-01-18,11,32,60,05,06,36
1565,2014-01-15,43,41,37,51,18,39
1564,2014-01-11,54,44,38,25,46,53
1563,2014-01-09,43,36,01,20,13,06
1562,2014-01-04,12,10,51,37,23,47
1561,2014-01-02,28,26,54,55,23,60
1560,2013-12-31,30,47,53,38,20,36
1559,2013-12-21,37,58,12,29,08,16
1558,2013-12-19,31,42,15,07,17,54
1557,2013-12-17,46,18,16,45,31,04
1556,2013-12-14,07,52,11,10,01,04
1555,2013-12-11,05,52,59,02,33,23
1554,2013-12-07,30,52,50,49,53,32
1553,2013-12-04,29,21,20,46,22,60
1552,2013-11-30,07,18,26,46,39,24
1551,2013-11-27,02,23,38,15,21,19
1550,2013-11-23,21,56,36,09,13,27
1549,2013-11-20,32,53,16,20,12,10
1548,2013-11-16,44,41,42,54,47,19
1547,2013-11-13,28,21,09,10,02,18
1546,2013-11-09,38,44,17,60,04,53
1545,2013-11-06,06,48,11,45,04,24
1544,2013-11-01,30,50,45,02,35,21
1543,2013-10-30,30,07,23,20,15,41
1542,2013-10-26,07,12,57,11,30,39
1541,2013-10-23,37,05,24,44,49,58
1540,2013-10-19,54,47,27,17,03,32
1539,2013-10-16,10,49,08,58,20,26
1538,2013-10-11,35,52,27,53,57,23
1537,2013-10-09,06,56,33,50,51,10
1536,2013-10-05,18,32,29,13,50,58
1535,2013-10-02,55,25,09,08,54,41
1534,2013-09-28,28,12,34,29,01,48
1533,2013-09-25,29,21,47,57,13,34
1532,2013-09-21,42,02,11,23,31,44
1531,2013-09-18,24,41,12,42,44,13
1530,2013-09-14,53,10,28,16,48,33
1529,2013-09-11,35,17,15,34,49,11
1528,2013-09-06,04,13,58,36,19,15
1527,2013-09-04,32,44,42,48,16,36
1526,2013-08-31,51,47,28,10,59,16
1525,2013-08-28,30,46,35,54,26,02
1524,2013-08-24,40,53,12,46,02,52
1523,2013-08-21,25,39,44,41,31,22
1522,2013-08-17,33,05,23,32,08,56
1521,2013-08-14,18,30,14,11,33,39
1520,2013-08-10,36,46,48,31,07,35
1519,2013-08-08,06,23,56,15,05,59
1518,2013-08-06,28,08,55,41,48,09
1517,2013-08-03,45,38,52,17,07,56
1516,2013-07-31,34,60,18,45,04,20
1515,2013-07-27,59,49,13,18,04,14
1514,2013-07-24,23,16,17,59,42,60
1513,2013-07-20,31,57,17,56,28,58
1512,2013-07-17,35,11,28,46,42,58
1511,2013-07-13,08,29,31,04,17,45
1510,2013-07-10,01,08,44,17,46,53
1509,2013-07-06,27,51,01,46,59,06
1508,2013-07-03,58,39,18,17,35,30
1507,2013-06-29,46,24,51,50,56,52
1506,2013-06-26,49,34,42,18,03,14
1505,2013-06-22,32,01,06,09,16,02
1504,2013-06-19,41,02,42,30,12,10
1503,2013-06-15,36,22,42,03,16,04
1502,2013-06-12,06,43,22,52,57,51
1501,2013-06-08,13,37,54,07,29,01
1500,2013-06-05,57,43,18,59,10,31
1499,2013-06-01,26,37,08,22,54,33
1498,2013-05-29,11,46,27,49,06,40
1497,2013-05-25,58,07,27,45,04,05
1496,2013-05-22,28,18,41,54,14,47
1495,2013-05-18,13,49,04,44,14,57
1494,2013-05-15,50,28,35,24,02,14
1493,2013-05-11,30,24,12,49,07,27
1492,2013-05-08,48,44,46,04,18,09
1491,2013-05-04,56,06,45,60,26,50
1490,2013-05-02,31,32,43,03,52,01
1489,2013-04-27,48,15,24,28,01,26
1488,2013-04-24,04,51,45,22,38,25
1487,2013-04-20,04,17,23,28,09,53
1486,2013-04-17,10,01,34,54,06,40
1485,2013-04-13,30,59,27,36,04,54
1484,2013-04-10,49,29,17,53,20,24
1483,2013-04-06,55,53,01,35,56,39
1482,2013-04-03,11,09,06,34,41,53
1481,2013-03-30,40,27,55,17,28,44
1480,2013-03-27,09,14,26,36,52,21
1479,2013-03-23,57,21,54,48,50,60
1478,2013-03-20,10,40,27,47,55,37
1477,2013-03-16,50,59,56,46,03,04
1476,2013-03-13,26,10,04,37,47,57
1475,2013-03-09,13,12,51,37,48,44
1474,2013-03-06,02,43,11,01,03,28
1473,2013-03-02,60,12,57,58,33,02
1472,2013-02-27,12,23,25,18,45,50
1471,2013-02-23,58,33,36,40,25,10
1470,2013-02-20,02,34,51,36,38,55
1469,2013-02-16,04,56,54,13,35,58
1468,2013-02-13,02,20,37,19,01,10
1467,2013-02-09,41,53,26,23,52,24
1466,2013-02-06,04,13,51,37,06,34
1465,2013-02-02,11,06,53,44,16,26
1464,2013-01-30,59,02,54,32,24,50
1463,2013-01-26,40,22,13,29,48,28
1462,2013-01-23,05,09,25,40,38,27
1461,2013-01-19,44,31,49,54,36,47
1460,2013-01-16,50,52,14,04,27,38
1459,2013-01-12,02,06,35,30,52,34
1458,2013-01-09,02,16,04,44,33,51
1457,2013-01-05,34,16,46,15,42,59
1456,2013-01-02,36,06,40,14,08,26
1455,2012-12-31,33,14,52,36,32,41
1454,2012-12-22,27,52,41,29,04,48
1453,2012-12-20,47,32,25,57,06,13
1452,2012-12-18,50,57,58,28,02,14
1451,2012-12-15,57,10,33,02,11,52
1450,2012-12-12,27,45,44,26,38,31
1449,2012-12-08,02,18,30,56,52,06
1448,2012-12-05,25,29,36,01,56,60
1447,2012-12-01,01,41,28,33,39,19
1446,2012-11-28,13,32,06,51,40,24
1445,2012-11-24,41,32,19,58,05,49
1444,2012-11-21,02,05,55,28,27,48
1443,2012-11-17,52,32,12,54,20,48
1442,2012-11-14,12,20,13,49,34,30
1441,2012-11-10,56,29,53,36,38,17
1440,2012-11-07,06,28,56,02,36,51
1439,2012-11-03,35,55,02,43,34,42
1438,2012-10-31,49,07,33,31,36,14
1437,2012-10-27,48,37,26,22,38,23
1436,2012-10-24,01,23,13,30,24,57
1435,2012-10-20,45,47,50,52,15,04
1434,2012-10-17,03,34,58,22,18,55
1433,2012-10-13,14,46,40,13,04,52
1432,2012-10-10,16,24,25,45,59,42
1431,2012-10-06,33,54,40,05,09,13
1430,2012-10-03,19,02,30,46,22,52
1429,2012-09-29,09,22,60,48,12,39
1428,2012-09-26,15,55,37,34,19,07
1427,2012-09-22,47,44,53,56,08,39
1426,2012-09-19,24,44,06,15,18,30
1425,2012-09-15,07,29,50,16,38,36
1424,2012-09-12,60,38,29,03,07,15
1423,2012-09-08,43,08,21,27,03,25
1422,2012-09-05,17,44,02,05,13,39
1421,2012-09-01,31,39,59,19,53,44
1420,2012-08-29,45,16,18,11,36,02
1419,2012-08-25,52,21,48,58,30,17
1418,2012-08-22,07,08,10,27,12,56
1417,2012-08-18,12,56,05,52,45,59
1416,2012-08-15,49,03,19,35,22,24
1415,2012-08-11,51,49,46,40,36,26
1414,2012-08-09,44,49,57,37,21,46
1413,2012-08-07,54,33,13,55,45,15
1412,2012-08-04,06,08,37,24,45,41
1411,2012-08-01,32,44,12,08,48,46
1410,2012-07-28,54,29,18,42,40,50
1409,2012-07-25,50,06,47,58,26,19
1408,2012-07-21,43,39,20,19,24,04
1407,2012-07-18,53,42,31,43,29,18
1406,2012-07-14,07,10,38,17,24,57
1405,2012-07-11,14,17,32,37,39,03
1404,2012-07-07,07,32,31,51,27,08
1403,2012-07-04,16,39,13,26,42,20
1402,2012-06-30,38,10,27,02,21,09
1401,2012-06-27,12,11,54,33,48,25
1400,2012-06-23,34,26,09,43,54,53
1399,2012-06-20,39,43,60,57,34,56
1398,2012-06-16,42,51,14,40,32,33
1397,2012-06-13,15,56,03,27,04,07
1396,2012-06-09,52,48,54,58,55,29
1395,2012-06-06,05,44,11,19,17,48
1394,2012-06-02,11,35,16,46,24,50
1393,2012-05-30,44,28,18,24,04,39
1392,2012-05-26,43,08,02,28,33,12
1391,2012-05-23,19,07,12,34,53,40
1390,2012-05-19,29,27,19,04,28,31
1389,2012-05-16,01,44,39,16,57,28
1388,2012-05-12,54,31,50,43,29,22
1387,2012-05-09,43,27,18,52,50,32
1386,2012-05-05,39,56,28,12,51,38
1385,2012-05-02,42,37,35,27,59,36
1384,2012-04-28,56,18,31,02,30,45
1383,2012-04-25,09,55,23,44,07,46
1382,2012-04-20,17,27,55,13,05,16
1381,2012-04-18,44,30,27,11,40,57
1380,2012-04-14,52,14,03,60,57,55
1379,2012-04-11,45,05,36,12,50,58
1378,2012-04-07,18,17,59,02,54,05
1377,2012-04-04,25,05,13,12,35,02
1376,2012-03-31,53,49,21,11,54,09
1375,2012-03-28,25,28,53,45,14,58
1374,2012-03-24,21,33,28,31,43,06
1373,2012-03-21,52,39,07,27,55,57
1372,2012-03-17,46,60,58,36,40,03
1371,2012-03-14,47,11,08,49,03,04
1370,2012-03-10,02,27,59,49,04,05
1369,2012-03-07,32,24,16,38,05,46
1368,2012-03-03,10,26,29,38,32,21
1367,2012-03-01,38,29,43,13,07,02
1366,2012-02-25,59,44,54,37,27,12
1365,2012-02-22,50,35,32,26,02,24
1364,2012-02-18,20,13,40,10,53,44
1363,2012-02-15,52,25,42,45,35,57
1362,2012-02-11,58,19,12,22,02,36
1361,2012-02-08,37,27,44,30,38,23
1360,2012-02-04,50,25,17,16,54,02
1359,2012-02-01,12,17,28,53,06,10
1358,2012-01-28,16,15,37,03,35,47
1357,2012-01-25,55,52,26,19,01,24
1356,2012-01-21,21,46,06,22,13,31
1355,2012-01-18,39,49,11,24,17,46
1354,2012-01-14,02,42,08,49,48,38
1353,2012-01-11,47,11,03,27,32,13
1352,2012-01-07,35,59,36,09,18,24
1351,2012-01-04,13,50,41,36,56,33
1350,2011-12-31,04,36,29,55,45,03
1349,2011-12-24,09,19,20,50,60,51
1348,2011-12-22,38,45,39,07,12,56
1347,2011-12-20,19,45,54,56,46,09
1346,2011-12-17,59,47,32,48,40,12
1345,2011-12-14,50,40,26,07,19,17
1344,2011-12-10,19,42,08,36,21,59
1343,2011-12-07,51,31,42,20,56,19
1342,2011-12-03,05,60,46,42,50,07
1341,2011-11-30,11,40,37,20,01,52
1340,2011-11-26,36,21,13,59,60,30
1339,2011-11-23,59,10,16,14,07,54
1338,2011-11-19,19,33,18,43,60,01
1337,2011-11-16,38,02,45,35,20,51
1336,2011-11-12,51,54,32,01,38,47
1335,2011-11-09,49,03,51,20,22,14
1334,2011-11-05,08,25,27,06,10,01
1333,2011-11-03,25,51,26,42,28,33
1332,2011-10-29,05,13,03,24,35,59
1331,2011-10-26,24,46,39,57,26,09
1330,2011-10-22,48,08,21,18,49,30
1329,2011-10-19,43,50,08,07,39,11
1328,2011-10-15,43,27,59,53,23,10
1327,2011-10-13,41,35,36,16,52,54
1326,2011-10-08,30,19,10,18,50,11
1325,2011-10-05,35,02,20,43,05,16
1324,2011-10-01,29,44,51,31,18,57
1323,2011-09-28,25,37,15,06,48,55
1322,2011-09-24,55,43,21,10,47,53
1321,2011-09-21,51,59,47,10,60,53
1320,2011-09-17,38,17,55,41,24,25
1319,2011-09-14,16,04,18,27,05,51
1318,2011-09-10,34,46,14,28,11,16
1317,2011-09-08,35,29,37,13,06,30
1316,2011-09-03,48,34,25,42,13,08
1315,2011-08-31,27,29,01,50,52,38
1314,2011-08-27,42,44,52,58,60,38
1313,2011-08-24,39,26,49,01,04,43
1312,2011-08-20,28,30,29,22,20,05
1311,2011-08-17,54,07,19,12,45,09
1310,2011-08-13,14,08,53,09,59,32
1309,2011-08-11,07,12,25,26,32,39
1308,2011-08-09,24,33,07,30,47,08
1307,2011-08-06,10,47,54,07,43,32
1306,2011-08-03,45,06,19,34,43,22
1305,2011-07-30,44,11,05,46,36,03
1304,2011-07-27,35,23,15,07,20,14
1303,2011-07-23,19,51,54,08,52,46
1302,2011-07-20,44,15,56,02,10,57
1301,2011-07-16,16,25,03,51,23,56
1300,2011-07-13,46,43,59,54,44,53
1299,2011-07-09,56,32,08,22,43,53
1298,2011-07-06,60,14,53,30,15,55
1297,2011-07-02,02,56,11,05,59,13
1296,2011-06-29,49,43,14,10,53,46
1295,2011-06-25,20,02,43,15,05,57
1294,2011-06-22,06,50,04,48,29,51
1293,2011-06-18,24,50,01,44,13,40
1292,2011-06-15,30,31,23,09,54,11
1291,2011-06-11,18,57,58,40,47,54
1290,2011-06-08,14,50,03,23,02,34
1289,2011-06-04,13,08,27,01,03,52
1288,2011-06-01,42,32,56,40,30,17
1287,2011-05-28,33,42,12,31,11,52
1286,2011-05-25,05,52,02,33,51,28
1285,2011-05-21,33,10,15,38,31,28
1284,2011-05-18,26,21,20,36,31,29
1283,2011-05-14,59,08,60,44,40,30
1282,2011-05-11,04,39,56,23,52,55
1281,2011-05-07,36,14,30,38,11,08
1280,2011-05-04,29,06,54,10,20,16
1279,2011-04-30,08,29,36,35,14,40
1278,2011-04-27,04,16,24,56,25,30
1277,2011-04-23,50,59,18,31,60,12
1276,2011-04-20,09,40,05,22,36,11
1275,2011-04-16,58,55,14,02,60,48
1274,2011-04-13,13,59,21,17,40,39
1273,2011-04-09,60,26,19,58,13,40
1272,2011-04-06,28,27,13,35,26,52
1271,2011-04-02,02,52,39,59,48,01
1270,2011-03-30,31,33,24,05,42,09
1269,2011-03-26,51,05,27,04,15,17
1268,2011-03-23,17,53,60,44,16,03
1267,2011-03-19,47,58,04,41,20,30
1266,2011-03-16,39,06,42,10,60,33
1265,2011-03-12,13,50,46,24,60,19
1264,2011-03-09,56,17,37,51,04,36
1263,2011-03-05,41,53,18,04,36,26
1262,2011-03-02,11,39,09,05,08,07
1261,2011-02-26,10,41,14,22,53,42
1260,2011-02-23,19,23,31,53,29,41
1259,2011-02-19,39,54,58,46,04,06
1258,2011-02-16,47,26,11,57,59,55
1257,2011-02-12,27,15,30,52,26,02
1256,2011-02-09,26,38,33,35,53,43
1255,2011-02-05,23,05,54,39,38,51
1254,2011-02-02,09,29,18,07,14,39
1253,2011-01-29,02,51,17,44,43,23
1252,2011-01-26,35,02,51,14,49,39
1251,2011-01-22,48,27,34,52,46,05
1250,2011-01-19,59,01,02,40,51,24
1249,2011-01-15,03,40,08,53,51,36
1248,2011-01-12,20,33,58,34,57,60
1247,2011-01-08,09,11,24,03,51,36
1246,2011-01-05,59,10,37,57,40,43
1245,2010-12-31,34,10,37,50,43,02
1244,2010-12-24,45,08,34,15,02,25
1243,2010-12-22,32,19,23,57,09,29
1242,2010-12-20,54,45,51,11,34,48
1241,2010-12-18,13,26,25,10,28,45
1240,2010-12-15,22,42,49,08,12,09
1239,2010-12-11,15,01,48,37,39,52
1238,2010-12-08,40,45,24,14,13,39
1237,2010-12-04,26,21,39,05,18,59
1236,2010-12-01,17,20,38,08,53,03
1235,2010-11-27,16,49,55,20,10,26
1234,2010-11-24,03,05,24,19,30,35
1233,2010-11-20,49,22,59,29,32,54
1232,2010-11-17,12,18,15,08,11,22
1231,2010-11-13,20,27,49,05,23,39
1230,2010-11-10,37,35,12,22,19,09
1229,2010-11-06,12,49,60,32,30,40
1228,2010-11-03,36,10,60,52,50,23
1227,2010-10-30,35,31,04,30,54,28
1226,2010-10-27,31,55,56,50,40,10
1225,2010-10-23,32,55,34,31,50,40
1224,2010-10-20,41,19,57,53,21,27
1223,2010-10-16,17,15,48,42,35,47
1222,2010-10-13,26,19,48,57,05,08
1221,2010-10-09,46,05,58,37,14,43
1220,2010-10-06,48,55,52,43,05,15
1219,2010-10-02,34,37,41,53,02,33
1218,2010-09-29,33,23,29,46,10,31
1217,2010-09-25,05,43,28,15,11,50
1216,2010-09-22,07,25,04,58,13,27
1215,2010-09-18,47,51,10,50,30,25
1214,2010-09-15,05,41,29,36,30,48
1213,2010-09-11,03,53,45,11,34,26
1212,2010-09-08,35,50,02,23,33,40
1211,2010-09-04,36,54,03,31,15,48
1210,2010-09-01,03,07,09,10,31,34
1209,2010-08-28,30,17,38,14,05,35
1208,2010-08-25,45,12,01,26,54,20
1207,2010-08-21,32,35,22,09,56,11
1206,2010-08-18,02,11,37,36,48,06
1205,2010-08-14,14,04,26,35,29,13
1204,2010-08-11,10,25,05,39,52,43
1203,2010-08-07,55,30,33,09,07,38
1202,2010-08-04,09,60,11,53,48,08
1201,2010-07-31,36,32,55,49,60,28
1200,2010-07-28,10,03,39,54,56,11
1199,2010-07-24,58,28,23,39,16,19
1198,2010-07-21,29,22,36,58,41,48
1197,2010-07-17,39,54,36,37,60,49
1196,2010-07-14,60,03,20,19,58,06
1195,2010-07-10,27,17,57,26,55,20
1194,2010-07-07,24,53,41,06,13,50
1193,2010-07-03,12,54,02,32,14,09
1192,2010-06-30,49,17,20,59,57,52
1191,2010-06-26,25,22,11,16,33,03
1190,2010-06-23,11,53,56,37,10,19
1189,2010-06-19,50,21,14,35,31,27
1188,2010-06-16,60,52,59,09,44,20
1187,2010-06-12,08,49,43,17,40,19
1186,2010-06-09,41,12,15,07,13,08
1185,2010-06-05,54,10,02,43,21,35
1184,2010-06-02,04,23,27,28,09,30
1183,2010-05-29,12,05,10,20,29,37
1182,2010-05-26,52,29,56,60,02,04
1181,2010-05-22,44,18,45,31,26,20
1180,2010-05-19,60,12,34,30,44,57
1179,2010-05-15,59,28,47,60,22,05
1178,2010-05-12,01,53,22,50,45,30
1177,2010-05-08,33,52,55,47,38,50
1176,2010-05-05,21,11,49,14,33,30
1175,2010-04-30,02,03,12,37,47,16
1174,2010-04-28,07,52,06,51,47,39
1173,2010-04-24,07,25,24,36,05,47
1172,2010-04-20,28,52,06,43,12,56
1171,2010-04-17,41,03,10,30,57,13
1170,2010-04-14,46,11,27,34,49,13
1169,2010-04-10,14,01,11,23,42,48
1168,2010-04-07,47,20,04,56,53,05
1167,2010-04-03,43,28,56,20,52,51
1166,2010-03-31,35,28,54,30,22,31
1165,2010-03-27,20,52,60,42,54,40
1164,2010-03-24,17,06,14,40,49,26
1163,2010-03-20,05,51,31,53,47,17
1162,2010-03-17,31,25,18,41,22,30
1161,2010-03-13,48,47,07,04,42,51
1160,2010-03-10,40,05,03,48,01,18
1159,2010-03-06,53,46,05,06,34,55
1158,2010-03-03,23,31,60,55,30,54
1157,2010-02-27,46,09,43,41,49,29
1156,2010-02-24,31,49,44,24,09,48
1155,2010-02-20,28,58,41,40,51,20
1154,2010-02-17,04,14,21,26,12,28
1153,2010-02-13,55,46,34,17,19,06
1152,2010-02-10,47,36,44,29,20,14
1151,2010-02-06,01,25,04,14,21,51
1150,2010-02-03,28,17,35,52,31,15
1149,2010-01-30,46,54,08,36,07,23
1148,2010-01-27,48,32,29,55,27,28
1147,2010-01-23,23,39,52,31,06,33
1146,2010-01-20,10,34,53,33,28,06
1145,2010-01-16,19,03,60,33,24,16
1144,2010-01-13,19,10,49,18,01,44
1143,2010-01-09,35,47,60,44,30,03
1142,2010-01-06,28,31,15,58,03,26
1141,2010-01-02,40,09,37,58,50,60
1140,2009-12-31,49,58,40,46,10,27
1139,2009-12-26,36,42,37,09,28,31
1138,2009-12-24,04,25,18,15,36,02
1137,2009-12-22,21,28,19,25,50,43
1136,2009-12-19,07,31,32,37,43,34
1135,2009-12-16,05,04,19,39,06,23
1134,2009-12-12,29,36,56,22,09,51
1133,2009-12-09,16,05,58,39,10,21
1132,2009-12-05,52,30,27,12,55,33
1131,2009-12-02,49,34,36,01,16,08
1130,2009-11-28,23,49,32,54,18,05
1129,2009-11-25,47,19,17,12,32,55
1128,2009-11-21,60,08,39,52,24,16
1127,2009-11-18,24,08,14,05,29,30
1126,2009-11-14,59,31,57,04,52,42
1125,2009-11-11,07,42,56,29,33,03
1124,2009-11-07,49,11,07,18,16,33
1123,2009-11-04,19,04,39,14,45,60
1122,2009-10-31,49,44,56,26,46,55
1121,2009-10-28,18,04,59,54,56,17
1120,2009-10-24,50,55,07,35,44,40
1119,2009-10-21,44,54,41,45,34,10
1118,2009-10-17,55,44,08,20,43,21
1117,2009-10-14,27,35,40,01,06,17
1116,2009-10-10,17,20,04,47,09,13
1115,2009-10-07,44,41,18,50,37,30
1114,2009-10-03,16,03,22,54,25,15
1113,2009-09-30,47,36,29,59,03,06
1112,2009-09-26,04,34,52,32,58,43
1111,2009-09-23,04,43,25,09,33,32
1110,2009-09-19,26,45,06,28,42,14
1109,2009-09-16,11,52,14,06,29,08
1108,2009-09-12,60,44,07,39,43,09
1107,2009-09-09,36,20,54,09,03,53
1106,2009-09-05,04,15,50,60,43,47
1105,2009-09-02,43,01,50,28,57,15
1104,2009-08-29,03,35,58,49,02,06
1103,2009-08-26,41,19,10,28,55,56
1102,2009-08-22,46,23,09,35,11,51
1101,2009-08-19,07,12,57,06,24,10
1100,2009-08-15,41,33,17,18,07,42
1099,2009-08-12,55,44,38,35,14,31
1098,2009-08-08,30,20,21,11,50,52
1097,2009-08-05,21,48,33,01,56,17
1096,2009-08-01,03,41,52,14,13,16
1095,2009-07-29,27,23,36,10,21,16
1094,2009-07-25,10,09,48,36,41,21
1093,2009-07-22,27,49,38,23,41,19
1092,2009-07-18,40,30,01,09,33,34
1091,2009-07-15,27,56,17,24,49,23
1090,2009-07-11,24,09,40,20,36,42
1089,2009-07-08,37,48,32,02,18,20
1088,2009-07-04,24,42,35,31,06,57
1087,2009-07-01,36,46,28,32,03,20
1086,2009-06-27,45,04,06,23,10,02
1085,2009-06-24,39,50,21,12,40,55
1084,2009-06-20,20,05,29,59,40,33
1083,2009-06-17,20,28,42,23,10,43
1082,2009-06-13,04,40,50,17,55,38
1081,2009-06-10,09,56,29,52,16,24
1080,2009-06-06,56,11,20,41,34,18
1079,2009-06-03,36,12,37,24,05,28
1078,2009-05-30,03,06,45,34,41,43
1077,2009-05-27,11,06,18,05,37,09
1076,2009-05-23,32,33,10,19,42,04
1075,2009-05-20,53,39,16,21,10,12
1074,2009-05-16,03,47,10,50,29,23
1073,2009-05-13,44,36,32,08,34,25
1072,2009-05-09,19,18,54,47,43,09
1071,2009-05-06,05,37,43,07,53,54
1070,2009-05-02,41,53,08,23,05,16
1069,2009-04-29,28,17,49,53,45,09
1068,2009-04-25,44,48,25,57,27,47
1067,2009-04-22,14,10,56,25,04,28
1066,2009-04-18,10,43,49,32,25,06
1065,2009-04-15,07,57,19,43,39,30
1064,2009-04-11,28,04,19,16,49,29
1063,2009-04-08,49,01,22,47,44,50
1062,2009-04-04,55,08,02,37,23,33
1061,2009-04-01,09,41,56,23,21,30
1060,2009-03-28,01,41,03,18,16,42
1059,2009-03-25,37,01,14,45,12,16
1058,2009-03-21,20,51,57,45,24,18
1057,2009-03-18,15,49,59,04,03,02
1056,2009-03-14,38,08,50,53,59,06
1055,2009-03-11,27,32,15,12,20,16
1054,2009-03-07,41,27,13,60,14,18
1053,2009-03-04,15,42,27,53,34,49
1052,2009-02-28,08,11,16,15,57,52
1051,2009-02-25,57,11,07,43,10,13
1050,2009-02-21,60,14,45,24,33,26
1049,2009-02-18,34,17,52,05,02,29
1048,2009-02-14,57,03,38,21,28,16
1047,2009-02-11,01,02,10,48,14,08
1046,2009-02-07,57,40,28,42,54,55
1045,2009-02-04,31,06,05,17,50,01
1044,2009-01-31,58,10,39,11,13,35
1043,2009-01-28,25,14,51,48,60,21
1042,2009-01-24,25,46,51,18,13,30
1041,2009-01-21,12,10,36,54,44,57
1040,2009-01-17,44,01,28,55,06,39
1039,2009-01-14,52,02,20,27,36,24
1038,2009-01-10,51,07,06,28,35,43
1037,2009-01-07,56,36,04,44,46,53
1036,2009-01-03,27,39,36,10,41,52
1035,2008-12-31,51,60,01,11,59,26
1034,2008-12-27,20,42,01,03,49,18
1033,2008-12-24,39,06,05,33,54,17
1032,2008-12-20,57,43,15,29,26,16
1031,2008-12-17,49,33,24,40,46,43
1030,2008-12-13,57,08,54,01,23,37
1029,2008-12-10,17,05,16,24,20,32
1028,2008-12-06,54,26,34,51,20,52
1027,2008-12-03,20,18,47,44,60,33
1026,2008-11-29,10,33,51,53,06,17
1025,2008-11-26,52,40,29,27,28,10
1024,2008-11-22,28,53,18,39,22,29
1023,2008-11-19,45,40,02,07,18,08
1022,2008-11-16,31,21,40,39,56,05
1021,2008-11-12,42,55,51,43,02,33
1020,2008-11-08,19,32,52,01,02,39
1019,2008-11-05,29,47,04,13,46,23
1018,2008-11-01,55,51,58,09,44,24
1017,2008-10-29,31,51,19,06,56,34
1016,2008-10-25,11,09,25,05,60,20
1015,2008-10-22,49,08,28,03,26,17
1014,2008-10-18,60,57,09,25,08,41
1013,2008-10-15,07,09,20,41,12,19
1012,2008-10-11,47,19,58,14,40,55
1011,2008-10-08,30,02,52,21,11,35
1010,2008-10-04,02,46,03,37,13,54
1009,2008-10-01,34,12,01,06,58,29
1008,2008-09-27,07,15,42,48,34,13
1007,2008-09-24,49,27,04,36,52,37
1006,2008-09-20,48,17,04,33,55,02
1005,2008-09-17,06,41,04,37,12,42
1004,2008-09-13,45,47,29,40,44,43
1003,2008-09-10,10,27,23,05,16,26
1002,2008-09-06,03,31,07,25,40,58
1001,2008-09-03,15,37,27,12,60,51
1000,2008-08-30,49,58,53,39,38,29
0999,2008-08-27,44,36,55,58,18,24
0998,2008-08-23,28,21,04,32,03,22
0997,2008-08-20,18,53,55,32,09,17
0996,2008-08-16,21,23,20,07,29,15
0995,2008-08-13,04,54,55,36,16,31
0994,2008-08-09,44,40,58,29,03,20
0993,2008-08-06,26,25,42,60,05,24
0992,2008-08-02,06,08,04,01,25,28
0991,2008-07-30,08,38,60,41,15,09
0990,2008-07-26,29,18,02,15,10,39
0989,2008-07-23,38,21,27,02,29,32
0988,2008-07-19,48,17,46,56,60,08
0987,2008-07-16,47,27,13,31,34,58
0986,2008-07-12,32,06,31,24,15,19
0985,2008-07-09,04,56,18,59,46,16
0984,2008-07-05,46,20,04,43,47,10
0983,2008-07-02,38,45,40,16,32,22
0982,2008-06-28,12,24,08,40,43,49
0981,2008-06-25,08,41,53,01,58,34
0980,2008-06-21,35,17,59,15,36,29
0979,2008-06-18,28,03,39,51,31,15
0978,2008-06-14,42,58,12,18,16,27
0977,2008-06-11,17,03,09,32,07,05
0976,2008-06-07,28,53,38,23,14,25
0975,2008-06-04,33,09,37,40,41,30
0974,2008-05-31,45,20,38,31,16,12
0973,2008-05-28,53,36,08,30,01,47
0972,2008-05-24,33,18,15,56,31,34
0971,2008-05-21,04,14,33,44,11,45
0970,2008-05-17,57,34,05,54,28,21
0969,2008-05-14,56,35,50,13,41,25
0968,2008-05-10,30,04,13,60,51,01
0967,2008-05-07,18,14,57,30,13,05
0966,2008-05-03,01,58,26,28,04,41
0965,2008-04-30,36,39,57,58,05,30
0964,2008-04-26,42,13,33,20,08,26
0963,2008-04-23,37,17,15,50,48,59
0962,2008-04-19,02,48,49,40,55,11
0961,2008-04-16,16,53,02,04,21,36
0960,2008-04-12,34,06,33,18,53,19
0959,2008-04-09,57,03,05,11,33,39
0958,2008-04-05,13,22,07,33,51,48
0957,2008-04-02,50,32,25,34,57,24
0956,2008-03-29,46,51,47,59,54,57
0955,2008-03-26,35,05,32,21,33,12
0954,2008-03-22,08,05,24,18,57,33
0953,2008-03-19,55,48,01,39,16,42
0952,2008-03-15,54,11,27,18,02,30
0951,2008-03-12,49,24,39,34,55,14
0950,2008-03-08,48,59,49,41,42,23
0949,2008-03-05,44,01,51,52,41,23
0948,2008-03-01,22,44,41,46,52,54
0947,2008-02-27,33,11,03,58,14,05
0946,2008-02-23,59,01,47,05,52,12
0945,2008-02-20,44,08,59,54,04,27
0944,2008-02-16,16,58,43,37,52,59
0943,2008-02-13,47,41,58,03,23,12
0942,2008-02-09,05,52,18,08,59,42
0941,2008-02-06,11,15,10,27,60,53
0940,2008-02-02,25,33,51,31,05,37
0939,2008-01-30,06,23,19,50,37,49
0938,2008-01-26,35,15,27,57,50,59
0937,2008-01-23,22,41,02,30,21,52
0936,2008-01-19,05,33,14,29,44,22
0935,2008-01-16,07,45,18,13,29,31
0934,2008-01-12,25,48,44,03,21,01
0933,2008-01-09,25,39,45,51,08,14
0932,2008-01-05,02,21,42,53,36,17
0931,2007-12-31,17,34,07,36,39,19
0930,2007-12-22,46,20,55,37,28,49
0929,2007-12-19,16,49,35,39,57,27
0928,2007-12-15,32,10,49,60,04,33
0927,2007-12-12,36,26,31,23,19,33
0926,2007-12-08,40,41,34,33,21,59
0925,2007-12-05,52,37,46,08,22,36
0924,2007-12-01,51,27,60,21,20,02
0923,2007-11-28,53,39,02,50,57,15
0922,2007-11-24,41,49,45,19,13,12
0921,2007-11-21,35,41,01,57,09,48
0920,2007-11-17,17,57,55,24,52,05
0919,2007-11-14,43,25,41,60,31,03
0918,2007-11-10,38,44,08,04,12,52
0917,2007-11-07,23,59,25,47,46,30
0916,2007-11-03,33,37,05,38,28,36
0915,2007-10-31,20,28,49,26,17,48
0914,2007-10-27,33,51,09,23,45,12
0913,2007-10-24,30,14,59,36,46,38
0912,2007-10-20,26,21,54,04,19,29
0911,2007-10-17,49,46,01,29,06,28
0910,2007-10-13,53,29,36,03,15,27
0909,2007-10-10,42,17,26,38,28,22
0908,2007-10-06,19,01,09,25,50,52
0907,2007-10-03,09,41,53,37,36,51
0906,2007-09-29,35,39,29,24,07,14
0905,2007-09-26,04,15,57,55,02,16
0904,2007-09-22,32,44,59,53,48,51
0903,2007-09-19,17,05,32,55,20,41
0902,2007-09-15,52,55,23,50,58,18
0901,2007-09-12,32,34,16,13,56,33
0900,2007-09-08,04,21,59,18,38,34
0899,2007-09-05,58,18,54,36,53,20
0898,2007-09-01,04,08,03,54,45,30
0897,2007-08-29,21,57,46,22,07,43
0896,2007-08-25,31,11,41,35,22,05
0895,2007-08-22,02,55,41,43,57,58
0894,2007-08-18,37,24,44,28,20,41
0893,2007-08-15,56,53,51,26,18,03
0892,2007-08-11,01,49,52,42,19,44
0891,2007-08-08,15,22,19,35,34,16
0890,2007-08-04,09,21,22,07,17,54
0889,2007-08-01,34,54,20,39,60,24
0888,2007-07-28,50,24,40,54,52,60
0887,2007-07-25,44,12,32,21,01,34
0886,2007-07-21,50,55,37,33,59,17
0885,2007-07-18,13,04,31,33,47,51
0884,2007-07-14,22,11,02,14,39,12
0883,2007-07-11,21,37,60,32,52,53
0882,2007-07-07,42,45,44,60,41,17
0881,2007-07-04,43,24,04,51,18,56
0880,2007-06-30,51,30,49,25,37,46
0879,2007-06-27,29,10,46,35,42,28
0878,2007-06-23,37,12,43,38,11,54
0877,2007-06-20,13,15,20,31,28,36
0876,2007-06-16,04,12,41,45,60,08
0875,2007-06-13,53,18,36,58,24,20
0874,2007-06-09,59,20,52,42,44,10
0873,2007-06-06,57,59,04,34,19,30
0872,2007-06-02,18,55,58,43,31,05
0871,2007-05-30,17,05,58,01,47,10
0870,2007-05-26,52,08,43,34,40,21
0869,2007-05-23,29,42,50,51,49,27
0868,2007-05-19,57,51,21,22,25,40
0867,2007-05-16,54,26,28,19,44,10
0866,2007-05-12,36,48,27,40,05,46
0865,2007-05-09,27,23,41,51,26,53
0864,2007-05-05,31,11,33,42,57,08
0863,2007-05-02,32,53,50,57,15,24
0862,2007-04-28,19,35,12,02,11,08
0861,2007-04-25,42,40,60,59,47,39
0860,2007-04-23,22,08,17,42,44,02
0859,2007-04-18,46,47,12,57,34,09
0858,2007-04-14,31,37,54,23,04,18
0857,2007-04-11,17,59,49,02,03,50
0856,2007-04-07,11,40,41,47,15,42
0855,2007-04-04,42,03,24,53,43,31
0854,2007-03-31,17,03,24,27,44,25
0853,2007-03-28,51,30,59,46,38,56
0852,2007-03-24,14,38,06,23,44,34
0851,2007-03-21,16,32,35,58,19,03
0850,2007-03-17,60,22,59,25,44,07
0849,2007-03-14,08,39,09,58,44,49
0848,2007-03-10,56,34,17,32,47,27
0847,2007-03-07,42,14,44,27,15,48
0846,2007-03-03,47,54,02,50,03,44
0845,2007-02-28,40,48,19,20,14,52
0844,2007-02-24,54,24,44,57,34,16
0843,2007-02-17,34,48,01,16,45,36
0842,2007-02-14,51,44,60,09,07,30
0841,2007-02-10,36,51,32,22,38,07
0840,2007-02-07,43,29,35,59,31,17
0839,2007-02-03,11,18,08,07,37,43
0838,2007-01-31,09,30,47,38,23,44
0837,2007-01-27,16,05,24,34,06,60
0836,2007-01-24,28,22,38,17,52,59
0835,2007-01-20,58,31,57,49,33,18
0834,2007-01-17,44,10,17,16,51,34
0833,2007-01-13,53,58,57,16,46,13
0832,2007-01-10,17,49,15,33,39,23
0831,2007-01-06,03,50,48,42,32,33
0830,2007-01-03,53,51,02,41,13,49
0829,2006-12-31,32,50,14,47,10,56
0828,2006-12-23,23,50,53,42,28,38
0827,2006-12-21,24,56,30,51,42,18
0826,2006-12-19,45,06,08,07,53,27
0825,2006-12-16,28,21,40,10,41,47
0824,2006-12-13,33,48,06,07,20,09
0823,2006-12-09,15,26,59,01,54,51
0822,2006-12-06,04,17,41,10,27,52
0821,2006-12-02,04,29,38,36,33,42
0820,2006-11-29,17,45,32,21,10,46
0819,2006-11-25,51,05,58,46,25,19
0818,2006-11-22,44,41,22,08,09,25
0817,2006-11-18,34,43,29,30,10,52
0816,2006-11-16,21,47,40,52,30,20
0815,2006-11-11,57,50,09,39,37,19
0814,2006-11-08,11,02,46,50,08,41
0813,2006-11-04,23,15,56,46,09,45
0812,2006-11-01,57,39,54,11,38,13
0811,2006-10-28,32,57,28,41,10,47
0810,2006-10-25,04,33,01,48,05,37
0809,2006-10-21,25,23,11,05,30,15
0808,2006-10-18,15,21,31,46,02,57
0807,2006-10-14,08,27,02,32,56,49
0806,2006-10-12,60,41,47,26,35,18
0805,2006-10-07,30,02,48,60,43,36
0804,2006-10-04,13,59,37,56,03,47
0803,2006-09-30,10,57,28,03,05,21
0802,2006-09-27,14,24,60,06,18,48
0801,2006-09-23,20,22,11,19,48,42
0800,2006-09-20,01,07,56,11,37,38
0799,2006-09-16,29,35,19,57,42,55
0798,2006-09-13,32,09,04,52,29,03
0797,2006-09-09,58,48,52,47,12,06
0796,2006-09-06,19,24,43,34,39,05
0795,2006-09-02,14,36,21,29,26,48
0794,2006-08-30,56,47,55,38,42,03
0793,2006-08-26,03,51,33,15,16,57
0792,2006-08-23,43,56,09,45,29,34
0791,2006-08-19,42,35,19,09,14,58
0790,2006-08-16,22,02,19,28,43,06
0789,2006-08-12,60,39,31,38,06,50
0788,2006-08-09,31,57,17,19,29,44
0787,2006-08-05,37,31,20,60,34,54
0786,2006-08-02,27,31,26,11,10,41
0785,2006-07-29,35,05,37,08,48,17
0784,2006-07-26,42,56,08,37,27,53
0783,2006-07-22,43,21,48,08,04,32
0782,2006-07-19,11,23,59,42,35,02
0781,2006-07-15,10,54,08,39,56,13
0780,2006-07-12,10,50,28,51,59,07
0779,2006-07-08,36,54,52,25,29,26
0778,2006-07-05,45,20,36,37,31,51
0777,2006-07-01,14,50,23,02,28,56
0776,2006-06-28,57,35,60,41,03,15
0775,2006-06-24,27,12,46,47,42,50
0774,2006-06-21,37,05,54,58,46,10
0773,2006-06-17,03,05,51,29,34,14
0772,2006-06-14,38,51,52,60,10,35
0771,2006-06-10,29,46,34,47,21,14
0770,2006-06-07,04,34,25,35,48,12
0769,2006-06-03,20,21,50,29,12,16
0768,2006-05-31,33,37,59,30,04,08
0767,2006-05-27,22,50,32,38,54,15
0766,2006-05-24,01,50,19,42,24,58
0765,2006-05-21,03,37,50,16,30,10
0764,2006-05-18,07,03,55,47,53,45
0763,2006-05-13,40,47,01,48,09,26
0762,2006-05-10,39,09,21,12,37,54
0761,2006-05-06,56,29,17,13,27,40
0760,2006-05-03,12,17,60,44,46,45
0759,2006-04-29,59,39,30,31,48,45
0758,2006-04-26,47,59,01,23,36,43
0757,2006-04-22,17,32,12,18,58,30
0756,2006-04-19,37,50,41,05,38,27
0755,2006-04-15,59,30,47,12,04,49
0754,2006-04-12,04,42,34,50,03,13
0753,2006-04-08,59,35,43,22,07,02
0752,2006-04-05,25,04,29,42,24,23
0751,2006-04-01,04,25,38,50,20,07
0750,2006-03-29,58,17,54,10,42,33
0749,2006-03-25,24,47,04,57,48,50
0748,2006-03-22,01,07,19,51,35,02
0747,2006-03-18,21,23,56,12,03,02
0746,2006-03-15,49,12,10,57,25,01
0745,2006-03-11,21,57,37,16,43,02
0744,2006-03-08,26,46,12,23,39,04
0743,2006-03-04,54,20,32,60,25,23
0742,2006-03-01,34,17,07,41,02,50
0741,2006-02-25,26,39,27,24,59,36
0740,2006-02-22,29,47,12,50,16,28
0739,2006-02-18,06,45,56,49,35,10
0738,2006-02-15,15,30,14,42,26,54
0737,2006-02-11,33,12,24,38,11,32
0736,2006-02-08,01,21,38,41,56,49
0735,2006-02-04,40,42,15,52,38,09
0734,2006-02-01,44,45,27,29,43,54
0733,2006-01-28,12,26,31,43,46,02
0732,2006-01-25,49,19,53,50,17,06
0731,2006-01-21,35,06,15,23,28,16
0730,2006-01-18,45,15,02,54,16,50
0729,2006-01-14,33,56,18,57,43,05
0728,2006-01-11,44,42,13,08,24,32
0727,2006-01-07,14,42,12,04,59,30
0726,2006-01-04,40,47,01,05,07,37
0725,2005-12-31,49,09,03,35,37,41
0724,2005-12-21,34,51,55,17,48,27
0723,2005-12-17,16,06,52,01,36,50
0722,2005-12-14,60,36,57,18,44,09
0721,2005-12-10,14,03,23,55,36,25
0720,2005-12-07,12,56,44,51,31,54
0719,2005-12-03,39,47,37,53,32,03
0718,2005-11-30,07,35,21,39,58,33
0717,2005-11-26,28,35,41,17,06,23
0716,2005-11-23,29,02,07,50,16,32
0715,2005-11-19,54,36,12,04,33,24
0714,2005-11-16,17,53,39,08,07,35
0713,2005-11-12,46,01,26,16,12,54
0712,2005-11-09,35,07,53,58,08,43
0711,2005-11-05,10,05,41,59,40,33
0710,2005-10-29,46,25,05,49,39,34
0709,2005-10-26,29,22,44,09,06,04
0708,2005-10-22,45,13,39,47,09,07
0707,2005-10-19,51,08,01,43,10,36
0706,2005-10-15,22,10,17,07,02,60
0705,2005-10-08,03,15,11,13,26,43
0704,2005-10-05,02,27,50,34,18,04
0703,2005-10-01,30,24,02,45,11,27
0702,2005-09-28,01,56,18,58,45,57
0701,2005-09-24,13,01,31,23,60,48
0700,2005-09-21,02,03,24,40,31,14
0699,2005-09-19,53,17,50,23,54,48
0698,2005-09-14,22,08,27,43,55,12
0697,2005-09-10,53,35,32,31,28,51
0696,2005-09-03,37,16,34,57,53,09
0695,2005-08-31,13,40,21,52,06,11
0694,2005-08-27,15,19,29,53,37,41
0693,2005-08-24,14,50,41,17,31,13
0692,2005-08-20,33,18,60,11,58,57
0691,2005-08-17,55,16,58,08,37,50
0690,2005-08-13,15,41,08,47,12,53
0689,2005-08-10,06,60,07,31,49,51
0688,2005-08-06,47,30,52,11,21,35
0687,2005-08-03,59,48,01,07,41,14
0686,2005-07-30,33,05,04,54,15,26
0685,2005-07-27,33,27,05,56,12,43
0684,2005-07-23,50,37,33,40,19,17
0683,2005-07-20,43,40,12,11,02,35
0682,2005-07-16,60,37,47,36,04,27
0681,2005-07-13,59,21,53,25,58,38
0680,2005-07-09,44,02,26,05,03,22
0679,2005-07-06,37,21,54,03,58,25
0678,2005-07-02,44,46,31,14,40,42
0677,2005-06-29,25,10,48,08,32,55
0676,2005-06-25,49,32,15,09,41,42
0675,2005-06-22,50,42,30,25,43,24
0674,2005-06-18,22,32,18,29,42,38
0673,2005-06-15,06,40,37,11,20,34
0672,2005-06-11,43,34,53,38,28,24
0671,2005-06-08,27,16,39,51,09,38
0670,2005-06-04,42,59,58,37,48,22
0669,2005-06-01,07,41,24,40,49,27
0668,2005-05-28,49,33,56,02,14,01
0667,2005-05-25,05,23,16,04,49,01
0666,2005-05-21,07,26,16,29,45,55
0665,2005-05-18,08,47,07,48,25,18
0664,2005-05-14,12,01,55,59,38,36
0663,2005-05-11,01,49,30,55,27,51
0662,2005-05-07,04,60,56,25,18,23
0661,2005-05-04,42,40,27,04,55,36
0660,2005-04-30,53,05,38,54,46,11
0659,2005-04-27,14,29,40,34,51,52
0658,2005-04-23,41,20,36,03,11,06
0657,2005-04-20,20,59,58,33,60,16
0656,2005-04-16,59,37,46,36,35,51
0655,2005-04-13,26,39,01,37,43,48
0654,2005-04-09,10,11,56,40,41,06
0653,2005-04-06,31,24,19,34,09,05
0652,2005-04-02,24,18,57,56,10,20
0651,2005-03-30,39,45,28,26,48,60
0650,2005-03-26,53,59,25,29,10,24
0649,2005-03-23,09,54,41,48,33,24
0648,2005-03-19,05,48,23,42,45,29
0647,2005-03-16,56,19,11,14,12,54
0646,2005-03-12,13,47,60,32,49,10
0645,2005-03-09,52,48,24,53,54,03
0644,2005-03-05,57,29,31,27,34,14
0643,2005-03-02,14,45,24,37,40,42
0642,2005-02-26,51,17,56,36,44,40
0641,2005-02-23,17,13,33,09,01,34
0640,2005-02-19,12,42,59,46,19,60
0639,2005-02-16,51,39,35,60,45,13
0638,2005-02-12,42,10,50,41,11,36
0637,2005-02-05,52,58,43,48,11,18
0636,2005-02-02,30,32,34,50,28,26
0635,2005-01-29,49,42,37,08,20,26
0634,2005-01-26,13,41,24,42,10,56
0633,2005-01-22,27,46,05,50,11,22
0632,2005-01-19,02,54,48,51,19,28
0631,2005-01-15,01,28,47,20,44,32
0630,2005-01-12,16,53,20,60,12,45
0629,2005-01-08,40,47,39,16,51,15
0628,2005-01-05,08,16,22,56,58,30
0627,2004-12-29,19,13,45,58,56,01
0626,2004-12-22,49,08,22,18,07,39
0625,2004-12-18,59,12,32,42,24,40
0624,2004-12-15,39,23,34,52,08,43
0623,2004-12-11,42,23,55,30,09,49
0622,2004-12-08,59,27,19,29,50,38
0621,2004-12-04,29,31,50,26,57,49
0620,2004-12-01,22,01,29,13,32,03
0619,2004-11-27,16,12,46,14,08,19
0618,2004-11-24,60,10,03,08,24,13
0617,2004-11-20,25,05,49,36,33,03
0616,2004-11-17,24,16,26,54,12,02
0615,2004-11-13,27,31,08,10,51,05
0614,2004-11-10,60,31,12,48,57,16
0613,2004-11-06,54,55,13,44,06,19
0612,2004-11-03,55,33,15,50,53,18
0611,2004-10-30,22,21,33,16,48,49
0610,2004-10-27,25,49,30,43,47,45
0609,2004-10-23,15,02,59,60,06,58
0608,2004-10-20,30,06,37,19,24,13
0607,2004-10-16,06,59,11,27,19,41
0606,2004-10-13,41,06,23,55,32,35
0605,2004-10-09,44,52,53,04,49,24
0604,2004-10-06,41,49,51,25,15,46
0603,2004-10-02,04,08,11,29,12,44
0602,2004-09-29,38,60,13,07,55,46
0601,2004-09-25,37,19,29,30,10,22
0600,2004-09-22,18,39,54,34,31,16
0599,2004-09-18,06,45,51,09,23,04
0598,2004-09-15,05,16,53,38,50,34
0597,2004-09-11,42,40,27,22,56,29
0596,2004-09-08,43,60,28,11,54,14
0595,2004-09-04,54,02,43,01,50,25
0594,2004-09-01,10,53,55,29,13,47
0593,2004-08-28,27,29,01,59,25,49
0592,2004-08-25,55,14,59,47,13,42
0591,2004-08-21,58,03,18,50,34,01
0590,2004-08-18,25,51,05,18,04,28
0589,2004-08-14,13,07,33,59,06,08
0588,2004-08-11,45,13,46,55,53,11
0587,2004-08-07,30,02,36,18,60,29
0586,2004-08-04,45,38,13,11,54,39
0585,2004-07-31,24,39,12,33,57,36
0584,2004-07-28,30,53,23,07,32,08
0583,2004-07-24,55,06,41,20,43,07
0582,2004-07-21,13,40,29,59,45,51
0581,2004-07-17,30,25,52,14,39,17
0580,2004-07-14,38,16,18,28,15,47
0579,2004-07-10,15,34,39,17,04,09
0578,2004-07-07,48,03,58,18,56,23
0577,2004-07-03,31,47,28,23,08,24
0576,2004-06-30,18,43,52,39,07,08
0575,2004-06-26,18,29,21,48,35,05
0574,2004-06-23,32,23,02,10,44,17
0573,2004-06-19,59,29,17,06,40,22
0572,2004-06-16,33,03,20,60,09,16
0571,2004-06-12,14,31,12,13,51,50
0570,2004-06-09,35,32,36,33,51,15
0569,2004-06-05,32,15,14,09,03,57
0568,2004-06-02,25,41,17,29,13,22
0567,2004-05-29,57,58,11,38,41,31
0566,2004-05-26,17,06,20,18,13,37
0565,2004-05-22,31,37,35,07,45,34
0564,2004-05-19,38,13,32,20,10,49
0563,2004-05-15,34,08,23,44,51,05
0562,2004-05-12,37,35,23,16,57,55
0561,2004-05-08,39,49,36,20,55,01
0560,2004-05-05,32,18,11,30,02,58
0559,2004-05-01,53,25,36,13,17,06
0558,2004-04-28,59,57,07,58,31,14
0557,2004-04-24,18,49,38,23,08,12
0556,2004-04-21,08,45,30,33,17,10
0555,2004-04-17,49,05,23,33,45,31
0554,2004-04-14,47,29,31,15,60,42
0553,2004-04-10,43,46,58,53,54,04
0552,2004-04-07,22,54,52,47,49,09
0551,2004-04-03,56,48,57,21,12,46
0550,2004-03-31,17,56,16,38,39,45
0549,2004-03-27,13,51,58,22,46,08
0548,2004-03-24,51,49,14,47,59,58
0547,2004-03-20,04,59,13,53,28,30
0546,2004-03-17,46,04,54,17,13,05
0545,2004-03-13,43,35,57,29,40,17
0544,2004-03-10,11,33,56,47,17,34
0543,2004-03-06,35,54,37,42,49,46
0542,2004-03-03,49,04,19,28,35,06
0541,2004-02-28,58,57,27,13,49,52
0540,2004-02-21,22,04,30,44,28,49
0539,2004-02-18,16,50,55,06,47,19
0538,2004-02-14,45,43,56,25,52,03
0537,2004-02-11,37,03,19,34,39,07
0536,2004-02-07,14,22,25,15,37,23
0535,2004-02-04,49,14,47,56,06,28
0534,2004-01-31,48,57,23,08,31,03
0533,2004-01-28,27,18,13,59,21,53
0532,2004-01-24,13,04,12,53,09,52
0531,2004-01-21,03,01,35,07,18,50
0530,2004-01-17,32,21,25,01,06,49
0529,2004-01-14,56,45,13,33,38,01
0528,2004-01-10,34,28,37,12,08,31
0527,2004-01-07,17,14,50,52,06,26
0526,2004-01-03,03,59,21,36,55,31
0525,2003-12-27,26,32,24,49,08,10
0524,2003-12-20,47,29,34,48,19,41
0523,2003-12-17,45,58,40,39,28,44
0522,2003-12-13,49,52,15,25,14,06
0521,2003-12-10,28,32,38,25,15,45
0520,2003-12-06,32,34,17,35,09,12
0519,2003-12-03,09,36,15,19,42,22
0518,2003-11-29,44,08,05,15,18,10
0517,2003-11-26,51,32,08,28,38,07
0516,2003-11-22,24,05,34,13,35,33
0515,2003-11-19,39,16,57,15,45,48
0514,2003-11-15,15,52,40,36,51,42
0513,2003-11-12,46,10,27,19,33,39
0512,2003-11-08,08,40,58,04,53,31
0511,2003-11-05,08,36,34,37,03,04
0510,2003-11-01,30,45,58,01,04,41
0509,2003-10-29,32,55,34,35,28,33
0508,2003-10-25,46,56,05,15,45,10
0507,2003-10-22,44,58,05,27,33,03
0506,2003-10-18,31,37,34,15,38,04
0505,2003-10-15,47,20,52,03,46,28
0504,2003-10-11,39,19,11,08,50,30
0503,2003-10-08,10,21,48,27,49,07
0502,2003-10-04,50,07,33,21,24,13
0501,2003-10-01,34,27,56,28,16,39
0500,2003-09-27,35,21,54,29,38,36
0499,2003-09-20,59,01,11,05,44,04
0498,2003-09-17,49,28,02,06,57,50
0497,2003-09-13,09,41,32,13,58,20
0496,2003-09-10,41,20,19,29,59,10
0495,2003-09-06,36,15,60,08,29,49
0494,2003-09-03,28,32,49,53,18,20
0493,2003-08-30,54,20,03,18,42,24
0492,2003-08-27,57,02,15,06,56,18
0491,2003-08-23,22,43,15,55,09,01
0490,2003-08-20,05,11,29,54,23,58
0489,2003-08-16,28,36,17,53,33,59
0488,2003-08-13,30,39,35,43,15,57
0487,2003-08-09,25,22,48,52,54,08
0486,2003-08-06,50,42,19,08,30,14
0485,2003-08-02,38,28,52,30,19,57
0484,2003-07-30,53,19,38,18,17,49
0483,2003-07-26,16,23,35,18,44,59
0482,2003-07-23,13,56,12,33,53,54
0481,2003-07-19,42,06,24,44,22,13
0480,2003-07-16,36,38,33,14,49,41
0479,2003-07-12,20,54,58,26,41,46
0478,2003-07-09,30,08,31,03,21,25
0477,2003-07-05,47,34,08,06,18,38
0476,2003-07-02,38,43,20,55,17,58
0475,2003-06-28,19,06,43,52,08,22
0474,2003-06-25,34,03,12,50,32,40
0473,2003-06-21,51,07,58,49,23,41
0472,2003-06-18,12,03,38,29,51,04
0471,2003-06-14,51,59,31,05,36,32
0470,2003-06-11,51,58,23,11,08,37
0469,2003-06-07,29,47,42,21,13,26
0468,2003-06-04,23,06,25,39,51,05
0467,2003-05-31,38,21,08,22,18,60
0466,2003-05-28,28,16,45,29,30,11
0465,2003-05-24,46,31,01,57,22,51
0464,2003-05-21,06,33,45,38,24,50
0463,2003-05-17,07,18,02,45,03,53
0462,2003-05-14,27,48,17,19,26,22
0461,2003-05-10,30,17,20,29,15,60
0460,2003-05-07,19,55,30,23,37,49
0459,2003-05-03,43,17,08,15,49,39
0458,2003-04-30,43,53,13,32,34,24
0457,2003-04-26,48,15,24,27,17,32
0456,2003-04-23,17,40,22,27,33,03
0455,2003-04-19,50,15,17,02,14,59
0454,2003-04-16,04,17,42,56,46,24
0453,2003-04-12,58,52,08,34,20,23
0452,2003-04-09,54,11,51,16,36,30
0451,2003-04-05,23,18,31,17,53,28
0450,2003-04-02,59,51,13,01,09,50
0449,2003-03-29,34,56,24,01,49,08
0448,2003-03-26,05,03,52,45,09,51
0447,2003-03-22,24,55,15,33,25,42
0446,2003-03-19,11,20,08,47,12,17
0445,2003-03-15,31,50,07,53,32,20
0444,2003-03-12,48,52,57,24,03,33
0443,2003-03-08,11,36,17,26,52,48
0442,2003-03-01,15,31,23,06,59,37
0441,2003-02-26,02,15,58,10,59,21
0440,2003-02-22,46,23,30,47,05,03
0439,2003-02-19,42,13,20,29,43,57
0438,2003-02-15,38,48,14,03,11,05
0437,2003-02-12,54,10,59,44,30,07
0436,2003-02-08,01,06,57,29,48,07
0435,2003-02-05,37,11,17,31,43,10
0434,2003-02-01,24,17,04,54,30,10
0433,2003-01-29,36,17,28,16,54,30
0432,2003-01-25,50,17,13,27,04,39
0431,2003-01-22,58,26,40,37,47,52
0430,2003-01-18,50,21,10,25,38,08
0429,2003-01-15,55,32,17,36,26,43
0428,2003-01-11,60,08,32,28,46,30
0427,2003-01-08,51,13,43,24,03,14
0426,2003-01-04,07,32,54,50,30,37
0425,2002-12-28,06,16,10,34,47,42
0424,2002-12-21,29,36,27,18,59,46
0423,2002-12-18,08,22,33,40,32,53
0422,2002-12-14,60,12,56,37,55,43
0421,2002-12-11,38,45,35,37,05,51
0420,2002-12-07,43,12,59,30,57,29
0419,2002-12-04,41,42,52,53,16,09
0418,2002-11-30,45,08,32,49,15,52
0417,2002-11-27,25,07,12,21,42,34
0416,2002-11-23,13,01,23,56,54,33
0415,2002-11-20,38,44,04,01,27,42
0414,2002-11-16,35,26,58,52,45,16
0413,2002-11-13,35,53,29,33,02,04
0412,2002-11-09,45,05,14,21,59,12
0411,2002-11-06,10,56,12,31,45,38
0410,2002-11-02,31,55,36,24,08,38
0409,2002-10-30,26,49,25,18,31,34
0408,2002-10-26,49,44,33,28,56,14
0407,2002-10-23,49,02,18,51,22,57
0406,2002-10-19,47,32,48,12,38,02
0405,2002-10-16,57,60,34,24,29,47
0404,2002-10-12,24,38,58,01,40,28
0403,2002-10-09,46,31,07,16,60,27
0402,2002-10-05,27,43,58,05,16,56
0401,2002-10-02,50,18,44,53,11,43
0400,2002-09-28,29,59,13,10,54,28
0399,2002-09-25,59,55,16,27,47,11
0398,2002-09-21,28,07,16,37,36,22
0397,2002-09-18,32,24,02,05,01,46
0396,2002-09-14,47,18,06,45,34,42
0395,2002-09-11,11,58,31,14,10,20
0394,2002-09-07,15,49,42,05,45,35
0393,2002-09-04,12,50,36,06,35,40
0392,2002-08-31,49,47,39,31,15,23
0391,2002-08-28,07,15,35,16,40,04
0390,2002-08-24,07,22,34,12,38,53
0389,2002-08-21,46,14,54,18,43,05
0388,2002-08-17,52,48,53,58,23,36
0387,2002-08-14,29,28,48,47,43,22
0386,2002-08-10,39,54,43,36,17,35
0385,2002-08-07,22,12,24,18,05,16
0384,2002-08-03,28,50,47,24,40,52
0383,2002-07-31,48,22,53,56,50,14
0382,2002-07-27,54,38,53,31,37,34
0381,2002-07-24,09,56,46,28,10,55
0380,2002-07-20,47,22,13,30,31,57
0379,2002-07-17,41,55,24,59,33,40
0378,2002-07-13,55,45,48,41,05,38
0377,2002-07-10,46,19,03,45,12,27
0376,2002-07-06,25,13,10,43,35,48
0375,2002-07-03,51,09,42,05,58,01
0374,2002-06-29,54,02,26,05,44,16
0373,2002-06-26,31,33,24,10,05,01
0372,2002-06-22,24,17,46,57,16,39
0371,2002-06-19,23,33,39,04,60,18
0370,2002-06-15,51,42,04,54,01,40
0369,2002-06-12,21,42,01,60,35,14
0368,2002-06-08,13,50,38,32,44,29
0367,2002-06-05,52,49,27,33,12,10
0366,2002-06-01,06,04,51,07,21,15
0365,2002-05-29,52,19,34,37,58,23
0364,2002-05-25,59,44,29,05,51,57
0363,2002-05-22,39,54,29,49,47,19
0362,2002-05-18,37,20,33,46,07,56
0361,2002-05-15,41,28,45,31,16,59
0360,2002-05-11,47,24,29,55,53,23
0359,2002-05-08,31,54,20,29,13,19
0358,2002-05-04,40,42,32,12,21,17
0357,2002-04-27,45,53,32,02,30,35
0356,2002-04-24,54,19,05,58,56,21
0355,2002-04-20,02,37,22,60,14,23
0354,2002-04-17,40,52,38,16,07,41
0353,2002-04-13,60,46,30,55,23,19
0352,2002-04-10,49,07,47,25,20,44
0351,2002-04-06,15,16,59,60,24,41
0350,2002-04-03,23,30,43,10,15,57
0349,2002-03-30,09,38,32,08,54,28
0348,2002-03-27,39,40,33,52,19,30
0347,2002-03-23,26,10,52,01,12,48
0346,2002-03-20,56,07,46,60,41,12
0345,2002-03-16,56,11,58,46,51,22
0344,2002-03-13,33,36,12,35,10,14
0343,2002-03-09,04,06,07,24,12,41
0342,2002-03-06,29,49,54,51,16,34
0341,2002-03-02,56,23,22,43,16,05
0340,2002-02-27,10,60,42,09,33,12
0339,2002-02-23,13,16,12,05,27,50
0338,2002-02-20,48,46,09,01,36,04
0337,2002-02-16,31,52,14,54,16,04
0336,2002-02-09,02,18,54,22,30,26
0335,2002-02-06,43,33,57,23,59,07
0334,2002-02-02,41,26,51,14,24,23
0333,2002-01-30,35,27,53,44,52,04
0332,2002-01-26,28,23,42,29,44,34
0331,2002-01-23,27,01,35,20,37,13
0330,2002-01-19,02,04,23,37,14,51
0329,2002-01-16,24,11,40,12,35,10
0328,2002-01-12,51,05,23,07,14,21
0327,2002-01-09,46,38,29,33,32,48
0326,2002-01-05,52,23,40,51,44,21
0325,2001-12-29,04,23,03,01,21,53
0324,2001-12-22,22,08,30,15,47,25
0323,2001-12-19,31,49,54,33,26,40
0322,2001-12-15,18,11,29,44,47,56
0321,2001-12-12,11,31,32,48,49,04
0320,2001-12-08,20,53,47,50,22,27
0319,2001-12-05,12,16,23,17,19,48
0318,2001-12-01,19,53,40,03,31,20
0317,2001-11-28,27,20,48,16,30,35
0316,2001-11-24,28,51,56,06,24,43
0315,2001-11-21,50,21,43,12,28,22
0314,2001-11-17,05,32,40,58,37,34
0313,2001-11-14,14,38,53,24,16,37
0312,2001-11-10,14,30,50,41,47,23
0311,2001-11-07,32,22,24,41,30,38
0310,2001-11-03,28,14,29,02,31,32
0309,2001-10-31,39,50,25,55,11,04
0308,2001-10-27,55,25,04,11,29,39
0307,2001-10-24,26,17,13,41,16,44
0306,2001-10-20,30,19,57,41,56,47
0305,2001-10-17,11,05,27,60,38,53
0304,2001-10-13,42,07,11,34,59,41
0303,2001-10-10,07,13,30,37,47,17
0302,2001-10-06,25,40,12,60,30,41
0301,2001-10-03,58,26,49,57,48,09
0300,2001-09-29,27,57,41,38,28,24
0299,2001-09-26,07,05,02,53,33,49
0298,2001-09-22,22,34,24,23,05,60
0297,2001-09-19,20,28,41,01,33,36
0296,2001-09-15,20,51,42,03,52,46
0295,2001-09-12,24,44,07,31,12,50
0294,2001-09-08,28,45,41,22,57,25
0293,2001-09-05,06,12,35,05,28,07
0292,2001-09-01,24,34,53,45,23,13
0291,2001-08-29,22,16,05,41,18,17
0290,2001-08-25,57,30,07,25,40,26
0289,2001-08-22,36,06,30,20,07,25
0288,2001-08-18,50,09,18,11,06,17
0287,2001-08-15,60,47,03,33,25,13
0286,2001-08-11,44,37,56,29,47,35
0285,2001-08-08,50,56,41,12,32,37
0284,2001-08-04,08,36,14,32,30,07
0283,2001-08-01,48,34,28,54,25,42
0282,2001-07-28,33,24,36,09,14,23
0281,2001-07-21,11,05,47,31,53,38
0280,2001-07-14,05,16,30,25,58,20
0279,2001-07-07,31,59,04,58,23,47
0278,2001-06-30,22,10,18,55,15,31
0277,2001-06-23,40,26,38,04,56,52
0276,2001-06-16,53,59,39,45,22,57
0275,2001-06-09,16,30,19,38,48,37
0274,2001-06-02,11,39,47,18,13,26
0273,2001-05-26,47,52,10,27,23,17
0272,2001-05-19,36,58,09,10,56,24
0271,2001-05-12,14,31,54,29,26,24
0270,2001-05-05,45,27,35,40,05,09
0269,2001-04-28,19,18,52,25,17,49
0268,2001-04-21,21,10,47,06,05,33
0267,2001-04-14,58,01,45,55,08,46
0266,2001-04-07,38,54,48,23,02,46
0265,2001-03-31,07,50,53,16,41,34
0264,2001-03-24,05,25,31,13,01,33
0263,2001-03-17,08,50,26,09,53,43
0262,2001-03-10,53,60,48,20,58,11
0261,2001-03-03,05,54,20,56,30,16
0260,2001-02-24,43,04,60,59,06,33
0259,2001-02-17,20,43,33,13,15,58
0258,2001-02-10,12,60,54,07,55,50
0257,2001-02-03,28,05,01,34,04,19
0256,2001-01-27,21,52,34,26,02,32
0255,2001-01-20,32,44,55,19,20,16
0254,2001-01-13,04,30,56,21,22,01
0253,2001-01-06,12,11,56,44,24,37
0252,2000-12-30,17,54,04,51,32,26
0251,2000-12-23,34,15,23,55,49,30
0250,2000-12-16,55,25,41,42,43,07
0249,2000-12-09,21,55,54,40,36,49
0248,2000-12-02,56,16,34,41,35,32
0247,2000-11-25,34,03,30,10,23,46
0246,2000-11-18,02,57,32,43,16,37
0245,2000-11-11,44,51,27,53,08,60
0244,2000-11-04,19,60,50,24,47,33
0243,2000-10-28,20,47,23,32,16,11
0242,2000-10-21,22,07,04,21,28,56
0241,2000-10-14,11,57,40,35,56,31
0240,2000-10-07,59,28,25,41,57,38
0239,2000-09-30,33,21,44,46,47,06
0238,2000-09-23,15,09,41,13,37,42
0237,2000-09-16,36,07,45,31,56,57
0236,2000-09-09,10,52,50,57,25,60
0235,2000-09-02,29,41,55,02,31,22
0234,2000-08-26,15,45,54,25,42,41
0233,2000-08-19,45,03,24,36,07,32
0232,2000-08-12,29,19,41,22,37,59
0231,2000-08-05,16,59,27,42,44,36
0230,2000-07-29,56,44,41,40,08,53
0229,2000-07-22,39,45,11,21,33,13
0228,2000-07-15,16,40,45,59,43,13
0227,2000-07-08,37,26,27,42,11,48
0226,2000-07-01,02,50,59,38,49,01
0225,2000-06-24,21,16,04,37,02,58
0224,2000-06-17,20,16,18,07,44,21
0223,2000-06-10,28,24,22,02,58,06
0222,2000-06-03,05,48,30,55,52,19
0221,2000-05-27,54,13,58,43,50,27
0220,2000-05-20,36,53,55,13,60,14
0219,2000-05-13,26,23,49,28,42,36
0218,2000-05-06,54,40,42,17,47,12
0217,2000-04-29,27,32,03,51,49,45
0216,2000-04-22,35,42,59,18,30,14
0215,2000-04-15,07,58,28,53,37,46
0214,2000-04-08,30,12,06,50,35,31
0213,2000-04-01,03,30,09,35,23,32
0212,2000-03-25,29,57,15,45,59,06
0211,2000-03-18,10,20,40,45,50,33
0210,2000-03-11,37,58,20,38,48,32
0209,2000-03-04,13,52,32,41,21,26
0208,2000-02-26,23,15,57,24,47,25
0207,2000-02-19,19,07,03,55,24,53
0206,2000-02-12,20,26,56,18,34,51
0205,2000-02-05,26,32,54,43,46,40
0204,2000-01-29,31,41,51,39,58,29
0203,2000-01-22,11,55,44,19,29,47
0202,2000-01-15,49,53,44,12,24,45
0201,2000-01-08,55,22,05,30,35,20
0200,1999-12-31,12,15,44,34,51,19
0199,1999-12-24,52,37,57,16,10,50
0198,1999-12-18,40,23,01,18,35,08
0197,1999-12-11,19,52,29,15,12,05
0196,1999-12-04,32,17,09,14,24,07
0195,1999-11-27,17,03,44,37,09,32
0194,1999-11-20,32,42,43,25,28,33
0193,1999-11-13,12,04,11,49,43,19
0192,1999-11-06,01,60,26,41,28,54
0191,1999-10-31,58,05,41,03,01,23
0190,1999-10-24,32,40,42,21,10,05
0189,1999-10-16,41,53,38,04,31,15
0188,1999-10-10,34,42,43,46,27,17
0187,1999-10-02,06,44,58,41,36,48
0186,1999-09-25,24,26,51,25,14,23
0185,1999-09-18,59,17,22,46,43,55
0184,1999-09-11,09,60,21,16,41,34
0183,1999-09-04,16,11,07,40,44,02
0182,1999-08-28,46,60,05,10,28,03
0181,1999-08-21,33,01,55,35,51,27
0180,1999-08-14,39,06,29,60,51,23
0179,1999-08-07,06,53,05,26,27,23
0178,1999-07-31,05,27,19,26,15,33
0177,1999-07-24,35,22,39,41,59,38
0176,1999-07-17,28,04,01,45,53,03
0175,1999-07-10,10,20,13,01,42,50
0174,1999-07-03,11,52,22,23,36,59
0173,1999-06-26,29,28,49,17,42,50
0172,1999-06-19,49,36,14,26,35,10
0171,1999-06-12,54,27,04,43,40,46
0170,1999-06-05,07,51,55,41,58,46
0169,1999-05-29,52,51,37,13,21,01
0168,1999-05-22,45,02,35,09,50,31
0167,1999-05-15,01,38,48,28,11,33
0166,1999-05-08,60,57,59,13,12,22
0165,1999-05-01,39,56,19,23,10,35
0164,1999-04-24,04,19,14,10,44,28
0163,1999-04-17,41,56,27,36,53,08
0162,1999-04-10,23,33,51,38,48,21
0161,1999-04-03,25,37,30,39,06,41
0160,1999-03-27,13,42,52,58,02,54
0159,1999-03-20,16,09,50,58,11,35
0158,1999-03-13,58,43,51,14,17,04
0157,1999-03-06,17,13,04,44,41,21
0156,1999-02-27,52,23,42,17,55,49
0155,1999-02-20,12,32,44,43,35,30
0154,1999-02-13,08,10,24,33,45,48
0153,1999-02-06,47,02,31,42,45,30
0152,1999-01-30,12,05,15,51,58,29
0151,1999-01-23,03,43,16,56,52,20
0150,1999-01-16,50,44,12,55,52,54
0149,1999-01-09,11,45,48,07,28,20
0148,1998-12-31,32,55,59,41,58,35
0147,1998-12-24,24,06,38,23,28,16
0146,1998-12-19,51,34,25,60,42,32
0145,1998-12-12,43,15,41,51,16,31
0144,1998-12-05,08,32,44,36,45,55
0143,1998-11-28,40,18,06,20,50,53
0142,1998-11-21,20,59,19,54,15,08
0141,1998-11-14,10,22,42,13,41,58
0140,1998-11-07,55,31,46,44,41,07
0139,1998-10-31,26,27,13,42,41,03
0138,1998-10-24,41,14,37,05,40,27
0137,1998-10-17,26,15,16,22,19,49
0136,1998-10-10,17,25,45,38,01,59
0135,1998-10-03,35,40,21,59,53,22
0134,1998-09-26,60,32,25,36,52,04
0133,1998-09-19,19,57,06,39,34,05
0132,1998-09-12,44,35,50,41,09,07
0131,1998-09-05,30,09,17,27,04,44
0130,1998-08-29,13,42,38,49,53,29
0129,1998-08-22,46,54,10,09,01,32
0128,1998-08-15,23,43,03,21,09,18
0127,1998-08-08,59,21,51,54,29,50
0126,1998-08-01,32,28,06,10,11,40
0125,1998-07-25,56,47,25,59,53,41
0124,1998-07-18,52,05,34,57,15,41
0123,1998-07-11,13,42,16,32,14,26
0122,1998-07-04,20,43,39,11,53,17
0121,1998-06-27,53,41,44,02,29,55
0120,1998-06-20,46,45,16,40,27,03
0119,1998-06-13,47,21,01,50,36,38
0118,1998-06-06,22,57,37,09,25,56
0117,1998-05-30,53,42,27,20,33,25
0116,1998-05-23,36,42,32,05,13,51
0115,1998-05-16,06,14,24,20,04,38
0114,1998-05-09,47,54,18,06,12,37
0113,1998-05-02,34,54,26,28,55,07
0112,1998-04-25,37,43,34,20,12,42
0111,1998-04-18,52,32,04,33,25,22
0110,1998-04-11,57,58,18,31,43,52
0109,1998-04-04,54,13,44,49,48,01
0108,1998-03-29,60,29,34,24,21,59
0107,1998-03-22,02,24,52,04,16,51
0106,1998-03-15,24,16,38,05,39,35
0105,1998-03-08,03,13,31,43,46,49
0104,1998-03-01,13,01,38,21,52,04
0103,1998-02-22,09,01,57,07,54,49
0102,1998-02-15,44,42,37,56,19,20
0101,1998-02-08,39,01,37,31,29,18
0100,1998-02-01,46,48,30,14,29,51
0099,1998-01-25,30,33,24,11,46,60
0098,1998-01-18,43,33,14,31,35,13
0097,1998-01-11,56,53,11,14,05,35
0096,1998-01-04,04,42,58,26,07,40
0095,1997-12-28,46,60,06,40,50,45
0094,1997-12-21,28,51,55,18,52,08
0093,1997-12-14,22,53,31,28,02,36
0092,1997-12-07,05,23,51,03,01,24
0091,1997-11-30,60,04,10,35,39,02
0090,1997-11-23,21,26,40,54,09,52
0089,1997-11-16,59,42,34,13,44,55
0088,1997-11-09,45,37,29,04,43,18
0087,1997-11-02,40,04,28,32,11,05
0086,1997-10-26,54,21,06,34,36,22
0085,1997-10-19,47,15,30,37,45,06
0084,1997-10-12,10,34,04,06,25,40
0083,1997-10-05,24,16,04,42,57,15
0082,1997-09-28,51,36,53,29,18,15
0081,1997-09-21,47,41,10,60,54,23
0080,1997-09-14,51,40,37,23,48,28
0079,1997-09-07,43,25,02,13,31,17
0078,1997-08-31,22,32,46,12,25,31
0077,1997-08-24,29,54,40,57,49,21
0076,1997-08-17,33,18,23,08,17,53
0075,1997-08-10,36,49,37,35,24,21
0074,1997-08-03,02,24,34,50,38,37
0073,1997-07-27,57,25,45,28,51,26
0072,1997-07-20,19,48,43,01,34,44
0071,1997-07-13,53,16,45,43,33,27
0070,1997-07-06,40,17,23,43,27,58
0069,1997-06-29,56,58,34,53,25,45
0068,1997-06-22,53,13,03,01,12,59
0067,1997-06-15,47,14,27,52,17,12
0066,1997-06-08,15,26,12,33,48,13
0065,1997-06-01,20,01,05,32,25,34
0064,1997-05-25,08,54,50,60,23,12
0063,1997-05-18,26,09,41,49,25,40
0062,1997-05-11,52,13,06,24,08,31
0061,1997-05-04,59,08,18,29,42,44
0060,1997-04-27,38,14,21,15,03,20
0059,1997-04-20,28,13,34,02,08,54
0058,1997-04-13,30,49,27,37,12,44
0057,1997-04-06,27,17,16,34,07,59
0056,1997-03-30,51,35,59,07,20,02
0055,1997-03-23,29,02,14,38,23,52
0054,1997-03-16,05,21,09,56,18,36
0053,1997-03-09,42,13,03,46,38,16
0052,1997-03-02,58,15,59,30,38,46
0051,1997-02-23,23,24,42,25,17,47
0050,1997-02-16,57,44,21,16,58,06
0049,1997-02-09,33,07,43,35,13,55
0048,1997-02-02,47,05,34,28,02,50
0047,1997-01-26,35,17,03,48,25,56
0046,1997-01-19,32,46,01,60,24,23
0045,1997-01-12,30,07,37,55,44,53
0044,1997-01-05,47,38,18,14,29,44
0043,1996-12-29,02,58,25,06,26,17
0042,1996-12-22,24,36,19,33,07,11
0041,1996-12-15,38,26,35,39,12,47
0040,1996-12-08,03,12,46,05,47,08
0039,1996-12-01,16,37,45,52,56,12
0038,1996-11-24,55,42,10,43,45,54
0037,1996-11-17,22,06,07,52,38,60
0036,1996-11-10,13,03,51,17,29,25
0035,1996-11-03,21,57,16,23,54,04
0034,1996-10-27,15,13,57,53,40,17
0033,1996-10-20,05,33,49,17,42,39
0032,1996-10-13,43,33,14,36,05,44
0031,1996-10-06,56,19,28,48,17,45
0030,1996-09-29,38,50,07,29,15,14
0029,1996-09-22,14,56,58,08,43,03
0028,1996-09-15,60,06,22,03,24,54
0027,1996-09-08,44,33,13,51,17,20
0026,1996-09-01,50,53,57,10,58,22
0025,1996-08-25,56,50,55,54,24,43
0024,1996-08-19,01,08,14,28,33,43
0023,1996-08-12,17,52,51,59,39,37
0022,1996-08-05,09,38,56,01,31,46
0021,1996-07-29,49,46,06,53,33,36
0020,1996-07-22,25,28,30,33,51,11
0019,1996-07-15,05,25,12,10,60,24
0018,1996-07-08,37,36,56,27,42,23
0017,1996-07-01,10,20,06,19,51,13
0016,1996-06-24,60,58,49,32,20,34
0015,1996-06-17,60,12,33,52,35,51
0014,1996-06-10,16,02,27,47,23,53
0013,1996-06-03,47,32,50,54,18,56
0012,1996-05-27,20,27,43,16,19,04
0011,1996-05-20,25,15,58,37,59,38
0010,1996-05-13,25,04,18,57,21,38
0009,1996-05-06,55,43,56,54,08,60
0008,1996-04-29,53,17,38,04,47,37
0007,1996-04-22,56,38,21,20,03,05
0006,1996-04-15,19,40,07,13,22,47
0005,1996-04-08,01,19,46,06,16,02
0004,1996-04-01,06,59,42,27,01,05
0003,1996-03-25,36,30,10,11,29,47
0002,1996-03-18,09,39,37,49,43,41
0001,1996-03-11,41,05,04,52,30,33